Background Item 000, Address = 0x645d, GraphicType = 2 Normal Door Frame, Screen=007, DoorUnknown1=0x34, X=80, Y=31, Flags=0x00 (Top), DoorTiming=4, DoorUnknown2=0x56,screen 0,,,
Background Item 001, Address = 0x6465, GraphicType = 2 Normal Door Frame, Screen=000, DoorUnknown1=0x34, X=80, Y=183, Flags=0x80 (Bottom), DoorTiming=4, DoorUnknown2=0x06, ,,,
Background Item 002, Address = 0x646d, GraphicType = 2 Normal Door Frame, Screen=025, DoorUnknown1=0x34, X=160, Y=111, Flags=0x60 (Right), DoorTiming=183, DoorUnknown2=0x03,screen 0,,,
Background Item 003, Address = 0x6475, GraphicType = 2 Normal Door Frame, Screen=000, DoorUnknown1=0x34, X=8, Y=111, Flags=0xe0 (Left), DoorTiming=6, DoorUnknown2=0x03, ,,,
Background Item 004, Address = 0x647d, GraphicType = 10 Cyan Locked Normal Door, Screen=001, DoorUnknown1=0x34, X=80, Y=183, Flags=0x80 (Bottom), DoorTiming=4, DoorUnknown2=0x06,screen 0,screen 1,,
Background Item 005, Address = 0x6485, GraphicType = 10 Cyan Locked Normal Door, Screen=000, DoorUnknown1=0x34, X=80, Y=31, Flags=0x00 (Top), DoorTiming=4, DoorUnknown2=0x56, ,,,
Background Item 006, Address = 0x648d, GraphicType = 2 Normal Door Frame, Screen=002, DoorUnknown1=0x34, X=160, Y=111, Flags=0x60 (Right), DoorTiming=183, DoorUnknown2=0x03, ,screen 1,screen 2,
Background Item 007, Address = 0x6495, GraphicType = 2 Normal Door Frame, Screen=001, DoorUnknown1=0x34, X=8, Y=111, Flags=0xe0 (Left), DoorTiming=6, DoorUnknown2=0x03, ,,screen 2,
Background Item 008, Address = 0x649d, GraphicType = 2 Normal Door Frame, Screen=003, DoorUnknown1=0x34, X=160, Y=111, Flags=0x60 (Right), DoorTiming=183, DoorUnknown2=0x03,,,,screen 3
Background Item 009, Address = 0x64a5, GraphicType = 2 Normal Door Frame, Screen=002, DoorUnknown1=0x34, X=8, Y=111, Flags=0xe0 (Left), DoorTiming=6, DoorUnknown2=0x03,,,,
Background Item 010, Address = 0x64ad, GraphicType = 2 Normal Door Frame, Screen=004, DoorUnknown1=0x34, X=80, Y=31, Flags=0x00 (Top), DoorTiming=4, DoorUnknown2=0x56, ,,,screen 3
Background Item 011, Address = 0x64b5, GraphicType = 2 Normal Door Frame, Screen=003, DoorUnknown1=0x34, X=80, Y=183, Flags=0x80 (Bottom), DoorTiming=4, DoorUnknown2=0x06, ,,,
Background Item 012, Address = 0x64bd, GraphicType = 2 Normal Door Frame, Screen=025, DoorUnknown1=0x34, X=8, Y=111, Flags=0xe0 (Left), DoorTiming=6, DoorUnknown2=0x03, ,,,
Background Item 013, Address = 0x64c5, GraphicType = 2 Normal Door Frame, Screen=004, DoorUnknown1=0x34, X=128, Y=111, Flags=0x60 (Right), DoorTiming=183, DoorUnknown2=0x03, ,,,
Background Item 014, Address = 0x64cd, GraphicType = 2 Normal Door Frame, Screen=005, DoorUnknown1=0x34, X=80, Y=31, Flags=0x00 (Top), DoorTiming=4, DoorUnknown2=0x56, ,,,
Background Item 015, Address = 0x64d5, GraphicType = 2 Normal Door Frame, Screen=004, DoorUnknown1=0x34, X=80, Y=183, Flags=0x80 (Bottom), DoorTiming=4, DoorUnknown2=0x06, ,,,
Background Item 016, Address = 0x64dd, GraphicType = 2 Normal Door Frame, Screen=006, DoorUnknown1=0x34, X=8, Y=111, Flags=0xe0 (Left), DoorTiming=6, DoorUnknown2=0x03, ,,,
Background Item 017, Address = 0x64e5, GraphicType = 2 Normal Door Frame, Screen=005, DoorUnknown1=0x34, X=160, Y=111, Flags=0x60 (Right), DoorTiming=183, DoorUnknown2=0x03, ,,,
Background Item 018, Address = 0x64ed, GraphicType = 3 BigDooor Frame, Screen=026, DoorUnknown1=0x38, X=72, Y=182, Flags=0x80 (Bottom), DoorTiming=22, DoorUnknown2=0x08, ,,,
Background Item 019, Address = 0x64f5, GraphicType = 2 Normal Door Frame, Screen=006, DoorUnknown1=0x34, X=80, Y=63, Flags=0x00 (Top), DoorTiming=4, DoorUnknown2=0x56, ,,,
Background Item 020, Address = 0x64fd, GraphicType = 9 Green Locked Normal Door, Screen=008, DoorUnknown1=0x34, X=80, Y=31, Flags=0x00 (Top), DoorTiming=4, DoorUnknown2=0x56, ,,,
Background Item 021, Address = 0x6505, GraphicType = 9 Green Locked Normal Door, Screen=006, DoorUnknown1=0x34, X=80, Y=151, Flags=0x80 (Bottom), DoorTiming=4, DoorUnknown2=0x06, ,,,
Background Item 022, Address = 0x650d, GraphicType = 2 Normal Door Frame, Screen=007, DoorUnknown1=0x34, X=8, Y=111, Flags=0xe0 (Left), DoorTiming=6, DoorUnknown2=0x03, ,,,
Background Item 023, Address = 0x6515, GraphicType = 2 Normal Door Frame, Screen=006, DoorUnknown1=0x34, X=160, Y=111, Flags=0x60 (Right), DoorTiming=183, DoorUnknown2=0x03, ,,,
Background Item 024, Address = 0x651d, GraphicType = 2 Normal Door Frame, Screen=009, DoorUnknown1=0x34, X=80, Y=31, Flags=0x00 (Top), DoorTiming=4, DoorUnknown2=0x57, ,,,
Background Item 025, Address = 0x6525, GraphicType = 2 Normal Door Frame, Screen=008, DoorUnknown1=0x34, X=80, Y=183, Flags=0x80 (Bottom), DoorTiming=4, DoorUnknown2=0x06, ,,,
Background Item 026, Address = 0x652d, GraphicType = 2 Normal Door Frame, Screen=010, DoorUnknown1=0x34, X=160, Y=111, Flags=0x60 (Right), DoorTiming=183, DoorUnknown2=0x03, ,,,
Background Item 027, Address = 0x6535, GraphicType = 2 Normal Door Frame, Screen=009, DoorUnknown1=0x34, X=8, Y=111, Flags=0xe0 (Left), DoorTiming=6, DoorUnknown2=0x03, ,,,
Background Item 028, Address = 0x653d, GraphicType = 2 Normal Door Frame, Screen=011, DoorUnknown1=0x34, X=160, Y=111, Flags=0x60 (Right), DoorTiming=183, DoorUnknown2=0x03, ,,,
Background Item 029, Address = 0x6545, GraphicType = 2 Normal Door Frame, Screen=010, DoorUnknown1=0x34, X=8, Y=111, Flags=0xe0 (Left), DoorTiming=6, DoorUnknown2=0x03, ,,,
Background Item 030, Address = 0x654d, GraphicType = 2 Normal Door Frame, Screen=012, DoorUnknown1=0x34, X=160, Y=111, Flags=0x60 (Right), DoorTiming=183, DoorUnknown2=0x03, ,,,
Background Item 031, Address = 0x6555, GraphicType = 2 Normal Door Frame, Screen=011, DoorUnknown1=0x34, X=8, Y=111, Flags=0xe0 (Left), DoorTiming=6, DoorUnknown2=0x03, ,,,
Background Item 032, Address = 0x655d, GraphicType = 2 Normal Door Frame, Screen=013, DoorUnknown1=0x34, X=160, Y=111, Flags=0x60 (Right), DoorTiming=183, DoorUnknown2=0x03, ,,,
Background Item 033, Address = 0x6565, GraphicType = 2 Normal Door Frame, Screen=012, DoorUnknown1=0x34, X=8, Y=111, Flags=0xe0 (Left), DoorTiming=6, DoorUnknown2=0x03, ,,,
Background Item 034, Address = 0x656d, GraphicType = 2 Normal Door Frame, Screen=014, DoorUnknown1=0x34, X=80, Y=183, Flags=0x80 (Bottom), DoorTiming=4, DoorUnknown2=0x06, ,,,
Background Item 035, Address = 0x6575, GraphicType = 2 Normal Door Frame, Screen=013, DoorUnknown1=0x34, X=80, Y=31, Flags=0x00 (Top), DoorTiming=4, DoorUnknown2=0x56, ,,,
Background Item 036, Address = 0x657d, GraphicType = 2 Normal Door Frame, Screen=015, DoorUnknown1=0x34, X=80, Y=183, Flags=0x80 (Bottom), DoorTiming=4, DoorUnknown2=0x06, ,,,
Background Item 037, Address = 0x6585, GraphicType = 2 Normal Door Frame, Screen=014, DoorUnknown1=0x34, X=80, Y=31, Flags=0x00 (Top), DoorTiming=4, DoorUnknown2=0x56, ,,,
Background Item 038, Address = 0x658d, GraphicType = 2 Normal Door Frame, Screen=016, DoorUnknown1=0x34, X=80, Y=183, Flags=0x80 (Bottom), DoorTiming=4, DoorUnknown2=0x06, ,,,
Background Item 039, Address = 0x6595, GraphicType = 2 Normal Door Frame, Screen=015, DoorUnknown1=0x34, X=80, Y=31, Flags=0x00 (Top), DoorTiming=4, DoorUnknown2=0x56, ,,,
Background Item 040, Address = 0x659d, GraphicType = 8 Red Locked Normal Door, Screen=017, DoorUnknown1=0x34, X=80, Y=183, Flags=0x80 (Bottom), DoorTiming=4, DoorUnknown2=0x06, ,,,
Background Item 041, Address = 0x65a5, GraphicType = 8 Red Locked Normal Door, Screen=016, DoorUnknown1=0x34, X=80, Y=31, Flags=0x00 (Top), DoorTiming=4, DoorUnknown2=0x56, ,,,
Background Item 042, Address = 0x65ad, GraphicType = 2 Normal Door Frame, Screen=018, DoorUnknown1=0x34, X=80, Y=183, Flags=0x80 (Bottom), DoorTiming=4, DoorUnknown2=0x06, ,,,
Background Item 043, Address = 0x65b5, GraphicType = 2 Normal Door Frame, Screen=017, DoorUnknown1=0x34, X=80, Y=31, Flags=0x00 (Top), DoorTiming=4, DoorUnknown2=0x56, ,,,
Background Item 044, Address = 0x65bd, GraphicType = 2 Normal Door Frame, Screen=019, DoorUnknown1=0x34, X=80, Y=183, Flags=0x80 (Bottom), DoorTiming=4, DoorUnknown2=0x06, ,,,
Background Item 045, Address = 0x65c5, GraphicType = 2 Normal Door Frame, Screen=018, DoorUnknown1=0x34, X=80, Y=31, Flags=0x00 (Top), DoorTiming=4, DoorUnknown2=0x56, ,,,
Background Item 046, Address = 0x65cd, GraphicType = 2 Normal Door Frame, Screen=020, DoorUnknown1=0x34, X=8, Y=111, Flags=0xe0 (Left), DoorTiming=6, DoorUnknown2=0x03, ,,,
Background Item 047, Address = 0x65d5, GraphicType = 2 Normal Door Frame, Screen=019, DoorUnknown1=0x34, X=160, Y=111, Flags=0x60 (Right), DoorTiming=183, DoorUnknown2=0x03, ,,,
Background Item 048, Address = 0x65dd, GraphicType = 2 Normal Door Frame, Screen=021, DoorUnknown1=0x34, X=8, Y=111, Flags=0xe0 (Left), DoorTiming=6, DoorUnknown2=0x03, ,,,
Background Item 049, Address = 0x65e5, GraphicType = 2 Normal Door Frame, Screen=020, DoorUnknown1=0x34, X=160, Y=111, Flags=0x60 (Right), DoorTiming=183, DoorUnknown2=0x03, ,,,
Background Item 050, Address = 0x65ed, GraphicType = 2 Normal Door Frame, Screen=022, DoorUnknown1=0x34, X=8, Y=111, Flags=0xe0 (Left), DoorTiming=6, DoorUnknown2=0x03, ,,,
Background Item 051, Address = 0x65f5, GraphicType = 2 Normal Door Frame, Screen=021, DoorUnknown1=0x34, X=160, Y=111, Flags=0x60 (Right), DoorTiming=183, DoorUnknown2=0x03, ,,,
Background Item 052, Address = 0x65fd, GraphicType = 8 Red Locked Normal Door, Screen=023, DoorUnknown1=0x34, X=8, Y=111, Flags=0xe0 (Left), DoorTiming=6, DoorUnknown2=0x03, ,,,
Background Item 053, Address = 0x6605, GraphicType = 8 Red Locked Normal Door, Screen=022, DoorUnknown1=0x34, X=160, Y=111, Flags=0x60 (Right), DoorTiming=183, DoorUnknown2=0x03, ,,,
Background Item 054, Address = 0x660d, GraphicType = 9 Green Locked Normal Door, Screen=024, DoorUnknown1=0x34, X=80, Y=31, Flags=0x00 (Top), DoorTiming=4, DoorUnknown2=0x56, ,,,
Background Item 055, Address = 0x6615, GraphicType = 9 Green Locked Normal Door, Screen=023, DoorUnknown1=0x34, X=80, Y=183, Flags=0x80 (Bottom), DoorTiming=4, DoorUnknown2=0x06, ,,,
Background Item 056, Address = 0x661d, GraphicType = 2 Normal Door Frame, Screen=024, DoorUnknown1=0x34, X=80, Y=183, Flags=0x80 (Bottom), DoorTiming=4, DoorUnknown2=0x06, ,,screen 2,
Background Item 057, Address = 0x6625, GraphicType = 2 Normal Door Frame, Screen=002, DoorUnknown1=0x34, X=80, Y=63, Flags=0x00 (Top), DoorTiming=4, DoorUnknown2=0x56, ,,,
Background Item 058, Address = 0x662d, GraphicType = 2 Normal Door Frame, Screen=026, DoorUnknown1=0x34, X=80, Y=40, Flags=0x00 (Top), DoorTiming=4, DoorUnknown2=0x56, ,,,
Background Item 059, Address = 0x6635, GraphicType = 2 Normal Door Frame, Screen=027, DoorUnknown1=0x34, X=80, Y=183, Flags=0x80 (Bottom), DoorTiming=4, DoorUnknown2=0x06, ,,,
Background Item 060, Address = 0x663d, GraphicType = 2 Normal Door Frame, Screen=027, DoorUnknown1=0x34, X=160, Y=111, Flags=0x60 (Right), DoorTiming=183, DoorUnknown2=0x03, ,,,
Background Item 061, Address = 0x6645, GraphicType = 3 BigDooor Frame, Screen=028, DoorUnknown1=0x74, X=8, Y=119, Flags=0xe0 (Left), DoorTiming=8, DoorUnknown2=0xf5, ,,,
Background Item 062, Address = 0x664d, GraphicType = 2 Normal Door Frame, Screen=028, DoorUnknown1=0x34, X=152, Y=111, Flags=0x60 (Right), DoorTiming=175, DoorUnknown2=0x03, ,,,
Background Item 063, Address = 0x6655, GraphicType = 1 Cave Dooor Frame, Screen=029, DoorUnknown1=0x34, X=24, Y=111, Flags=0xe0 (Left), DoorTiming=6, DoorUnknown2=0x03, ,,,
Background Item 064, Address = 0x665d, GraphicType = 2 Normal Door Frame, Screen=030, DoorUnknown1=0x34, X=80, Y=31, Flags=0x00 (Top), DoorTiming=4, DoorUnknown2=0x56, ,,,
Background Item 065, Address = 0x6665, GraphicType = 2 Normal Door Frame, Screen=031, DoorUnknown1=0x34, X=80, Y=183, Flags=0x80 (Bottom), DoorTiming=4, DoorUnknown2=0x06, ,,,
Background Item 066, Address = 0x666d, GraphicType = 2 Normal Door Frame, Screen=031, DoorUnknown1=0x34, X=8, Y=111, Flags=0xe0 (Left), DoorTiming=6, DoorUnknown2=0x03, ,,,
Background Item 067, Address = 0x6675, GraphicType = 2 Normal Door Frame, Screen=032, DoorUnknown1=0x34, X=160, Y=111, Flags=0x60 (Right), DoorTiming=183, DoorUnknown2=0x03, ,,,
Background Item 068, Address = 0x667d, GraphicType = 2 Normal Door Frame, Screen=032, DoorUnknown1=0x34, X=8, Y=111, Flags=0xe0 (Left), DoorTiming=6, DoorUnknown2=0x03, ,,,
Background Item 069, Address = 0x6685, GraphicType = 2 Normal Door Frame, Screen=033, DoorUnknown1=0x34, X=160, Y=111, Flags=0x60 (Right), DoorTiming=183, DoorUnknown2=0x03, ,,,
Background Item 070, Address = 0x668d, GraphicType = 2 Normal Door Frame, Screen=033, DoorUnknown1=0x34, X=80, Y=183, Flags=0x80 (Bottom), DoorTiming=4, DoorUnknown2=0x06, ,,,
Background Item 071, Address = 0x6695, GraphicType = 2 Normal Door Frame, Screen=034, DoorUnknown1=0x34, X=80, Y=31, Flags=0x00 (Top), DoorTiming=4, DoorUnknown2=0x56, ,,,
Background Item 072, Address = 0x669d, GraphicType = 2 Normal Door Frame, Screen=034, DoorUnknown1=0x34, X=80, Y=183, Flags=0x80 (Bottom), DoorTiming=4, DoorUnknown2=0x06, ,,,
Background Item 073, Address = 0x66a5, GraphicType = 2 Normal Door Frame, Screen=035, DoorUnknown1=0x34, X=80, Y=31, Flags=0x00 (Top), DoorTiming=4, DoorUnknown2=0x56, ,,,
Background Item 074, Address = 0x66ad, GraphicType = 2 Normal Door Frame, Screen=035, DoorUnknown1=0x34, X=160, Y=111, Flags=0x60 (Right), DoorTiming=183, DoorUnknown2=0x03, ,,,
Background Item 075, Address = 0x66b5, GraphicType = 2 Normal Door Frame, Screen=036, DoorUnknown1=0x34, X=8, Y=111, Flags=0xe0 (Left), DoorTiming=6, DoorUnknown2=0x03, ,,,
Background Item 076, Address = 0x66bd, GraphicType = 2 Normal Door Frame, Screen=036, DoorUnknown1=0x34, X=160, Y=111, Flags=0x60 (Right), DoorTiming=183, DoorUnknown2=0x03, ,,,
Background Item 077, Address = 0x66c5, GraphicType = 2 Normal Door Frame, Screen=037, DoorUnknown1=0x34, X=8, Y=111, Flags=0xe0 (Left), DoorTiming=6, DoorUnknown2=0x03, ,,,
Background Item 078, Address = 0x66cd, GraphicType = 10 Cyan Locked Normal Door, Screen=037, DoorUnknown1=0x34, X=80, Y=31, Flags=0x00 (Top), DoorTiming=4, DoorUnknown2=0x56, ,,,
Background Item 079, Address = 0x66d5, GraphicType = 10 Cyan Locked Normal Door, Screen=030, DoorUnknown1=0x34, X=80, Y=183, Flags=0x80 (Bottom), DoorTiming=4, DoorUnknown2=0x06, ,,,
Background Item 080, Address = 0x66dd, GraphicType = 2 Normal Door Frame, Screen=036, DoorUnknown1=0x34, X=80, Y=63, Flags=0x00 (Top), DoorTiming=4, DoorUnknown2=0x56, ,,,
Background Item 081, Address = 0x66e5, GraphicType = 3 BigDooor Frame, Screen=038, DoorUnknown1=0x38, X=72, Y=182, Flags=0x80 (Bottom), DoorTiming=22, DoorUnknown2=0x08, ,,,
Background Item 082, Address = 0x66ed, GraphicType = 2 Normal Door Frame, Screen=002, DoorUnknown1=0x34, X=80, Y=151, Flags=0x80 (Bottom), DoorTiming=4, DoorUnknown2=0x06, ,,screen 2,
Background Item 083, Address = 0x66f5, GraphicType = 2 Normal Door Frame, Screen=038, DoorUnknown1=0x34, X=80, Y=40, Flags=0x00 (Top), DoorTiming=4, DoorUnknown2=0x56, ,,,
Background Item 084, Address = 0x66fd, GraphicType = 2 Normal Door Frame, Screen=039, DoorUnknown1=0x34, X=80, Y=183, Flags=0x80 (Bottom), DoorTiming=4, DoorUnknown2=0x06, ,,,
Background Item 085, Address = 0x6705, GraphicType = 2 Normal Door Frame, Screen=040, DoorUnknown1=0x34, X=80, Y=31, Flags=0x00 (Top), DoorTiming=4, DoorUnknown2=0x56, ,,,
Background Item 086, Address = 0x670d, GraphicType = 10 Cyan Locked Normal Door, Screen=040, DoorUnknown1=0x34, X=80, Y=183, Flags=0x80 (Bottom), DoorTiming=4, DoorUnknown2=0x06, ,,,
Background Item 087, Address = 0x6715, GraphicType = 10 Cyan Locked Normal Door, Screen=041, DoorUnknown1=0x34, X=80, Y=31, Flags=0x00 (Top), DoorTiming=4, DoorUnknown2=0x56, ,,,
Background Item 088, Address = 0x671d, GraphicType = 2 Normal Door Frame, Screen=041, DoorUnknown1=0x34, X=8, Y=111, Flags=0xe0 (Left), DoorTiming=6, DoorUnknown2=0x03, ,,,
Background Item 089, Address = 0x6725, GraphicType = 2 Normal Door Frame, Screen=042, DoorUnknown1=0x34, X=160, Y=111, Flags=0x60 (Right), DoorTiming=183, DoorUnknown2=0x03, ,,,
Background Item 090, Address = 0x672d, GraphicType = 2 Normal Door Frame, Screen=042, DoorUnknown1=0x34, X=8, Y=111, Flags=0xe0 (Left), DoorTiming=6, DoorUnknown2=0x03, ,,,
Background Item 091, Address = 0x6735, GraphicType = 2 Normal Door Frame, Screen=043, DoorUnknown1=0x34, X=160, Y=111, Flags=0x60 (Right), DoorTiming=183, DoorUnknown2=0x03, ,,,
Background Item 092, Address = 0x673d, GraphicType = 2 Normal Door Frame, Screen=043, DoorUnknown1=0x34, X=80, Y=31, Flags=0x00 (Top), DoorTiming=4, DoorUnknown2=0x56, ,,,
Background Item 093, Address = 0x6745, GraphicType = 2 Normal Door Frame, Screen=044, DoorUnknown1=0x34, X=80, Y=183, Flags=0x80 (Bottom), DoorTiming=4, DoorUnknown2=0x06, ,,,
Background Item 094, Address = 0x674d, GraphicType = 2 Normal Door Frame, Screen=044, DoorUnknown1=0x34, X=80, Y=31, Flags=0x00 (Top), DoorTiming=4, DoorUnknown2=0x56, ,,,
Background Item 095, Address = 0x6755, GraphicType = 2 Normal Door Frame, Screen=045, DoorUnknown1=0x34, X=80, Y=183, Flags=0x80 (Bottom), DoorTiming=4, DoorUnknown2=0x06, ,,,
Background Item 096, Address = 0x675d, GraphicType = 9 Green Locked Normal Door, Screen=045, DoorUnknown1=0x34, X=160, Y=111, Flags=0x60 (Right), DoorTiming=183, DoorUnknown2=0x03, ,,,
Background Item 097, Address = 0x6765, GraphicType = 9 Green Locked Normal Door, Screen=046, DoorUnknown1=0x34, X=8, Y=111, Flags=0xe0 (Left), DoorTiming=6, DoorUnknown2=0x03, ,,,
Background Item 098, Address = 0x676d, GraphicType = 2 Normal Door Frame, Screen=046, DoorUnknown1=0x34, X=160, Y=111, Flags=0x60 (Right), DoorTiming=183, DoorUnknown2=0x03, ,,,
Background Item 099, Address = 0x6775, GraphicType = 2 Normal Door Frame, Screen=039, DoorUnknown1=0x34, X=8, Y=111, Flags=0xe0 (Left), DoorTiming=6, DoorUnknown2=0x03, ,,,
Background Item 100, Address = 0x677d, GraphicType = 2 Normal Door Frame, Screen=039, DoorUnknown1=0x34, X=80, Y=31, Flags=0x00 (Top), DoorTiming=4, DoorUnknown2=0x56, ,,,
Background Item 101, Address = 0x6785, GraphicType = 3 BigDooor Frame, Screen=047, DoorUnknown1=0x38, X=72, Y=182, Flags=0x80 (Bottom), DoorTiming=22, DoorUnknown2=0x08, ,,,
Background Item 102, Address = 0x678d, GraphicType = 11 Yellow Locked Normal Door, Screen=032, DoorUnknown1=0x34, X=80, Y=151, Flags=0x80 (Bottom), DoorTiming=4, DoorUnknown2=0x06, ,,,
Background Item 103, Address = 0x6795, GraphicType = 11 Yellow Locked Normal Door, Screen=047, DoorUnknown1=0x34, X=80, Y=40, Flags=0x00 (Top), DoorTiming=4, DoorUnknown2=0x56, ,,,
Background Item 104, Address = 0x679d, GraphicType = 1 Cave Dooor Frame, Screen=048, DoorUnknown1=0x34, X=80, Y=167, Flags=0x80 (Bottom), DoorTiming=4, DoorUnknown2=0x06, ,,,
Background Item 105, Address = 0x67a5, GraphicType = 1 Cave Dooor Frame, Screen=049, DoorUnknown1=0x34, X=80, Y=39, Flags=0x00 (Top), DoorTiming=4, DoorUnknown2=0x56, ,,,
Background Item 106, Address = 0x67ad, GraphicType = 1 Cave Dooor Frame, Screen=049, DoorUnknown1=0x34, X=80, Y=175, Flags=0x80 (Bottom), DoorTiming=4, DoorUnknown2=0x06, ,,,
Background Item 107, Address = 0x67b5, GraphicType = 1 Cave Dooor Frame, Screen=050, DoorUnknown1=0x34, X=80, Y=39, Flags=0x00 (Top), DoorTiming=4, DoorUnknown2=0x56, ,,,
Background Item 108, Address = 0x67bd, GraphicType = 1 Cave Dooor Frame, Screen=050, DoorUnknown1=0x34, X=80, Y=175, Flags=0x80 (Bottom), DoorTiming=4, DoorUnknown2=0x06, ,,,
Background Item 109, Address = 0x67c5, GraphicType = 1 Cave Dooor Frame, Screen=051, DoorUnknown1=0x34, X=80, Y=47, Flags=0x00 (Top), DoorTiming=4, DoorUnknown2=0x56, ,,,
Background Item 110, Address = 0x67cd, GraphicType = 1 Cave Dooor Frame, Screen=051, DoorUnknown1=0x34, X=80, Y=167, Flags=0x80 (Bottom), DoorTiming=4, DoorUnknown2=0x06, ,,,
Background Item 111, Address = 0x67d5, GraphicType = 1 Cave Dooor Frame, Screen=052, DoorUnknown1=0x34, X=80, Y=39, Flags=0x00 (Top), DoorTiming=4, DoorUnknown2=0x56, ,,,
Background Item 112, Address = 0x67dd, GraphicType = 1 Cave Dooor Frame, Screen=052, DoorUnknown1=0x34, X=80, Y=175, Flags=0x80 (Bottom), DoorTiming=4, DoorUnknown2=0x06, ,,,
Background Item 113, Address = 0x67e5, GraphicType = 1 Cave Dooor Frame, Screen=053, DoorUnknown1=0x34, X=80, Y=47, Flags=0x00 (Top), DoorTiming=4, DoorUnknown2=0x56, ,,,
Background Item 114, Address = 0x67ed, GraphicType = 1 Cave Dooor Frame, Screen=051, DoorUnknown1=0x34, X=144, Y=111, Flags=0x60 (Right), DoorTiming=183, DoorUnknown2=0x03, ,,,
Background Item 115, Address = 0x67f5, GraphicType = 1 Cave Dooor Frame, Screen=054, DoorUnknown1=0x34, X=16, Y=111, Flags=0xe0 (Left), DoorTiming=6, DoorUnknown2=0x03, ,,,
Background Item 116, Address = 0x67fd, GraphicType = 1 Cave Dooor Frame, Screen=054, DoorUnknown1=0x34, X=152, Y=111, Flags=0x60 (Right), DoorTiming=183, DoorUnknown2=0x03, ,,,
Background Item 117, Address = 0x6805, GraphicType = 1 Cave Dooor Frame, Screen=055, DoorUnknown1=0x34, X=16, Y=111, Flags=0xe0 (Left), DoorTiming=6, DoorUnknown2=0x03, ,,,
Background Item 118, Address = 0x680d, GraphicType = 1 Cave Dooor Frame, Screen=055, DoorUnknown1=0x34, X=152, Y=111, Flags=0x60 (Right), DoorTiming=183, DoorUnknown2=0x03, ,,,
Background Item 119, Address = 0x6815, GraphicType = 1 Cave Dooor Frame, Screen=056, DoorUnknown1=0x34, X=24, Y=111, Flags=0xe0 (Left), DoorTiming=6, DoorUnknown2=0x03, ,,,
Background Item 120, Address = 0x681d, GraphicType = 1 Cave Dooor Frame, Screen=056, DoorUnknown1=0x34, X=80, Y=167, Flags=0x80 (Bottom), DoorTiming=4, DoorUnknown2=0x06, ,,,
Background Item 121, Address = 0x6825, GraphicType = 1 Cave Dooor Frame, Screen=057, DoorUnknown1=0x34, X=80, Y=47, Flags=0x00 (Top), DoorTiming=4, DoorUnknown2=0x56, ,,,
Background Item 122, Address = 0x682d, GraphicType = 13 Green Locked Cave Door, Screen=056, DoorUnknown1=0x34, X=144, Y=111, Flags=0x60 (Right), DoorTiming=183, DoorUnknown2=0x03, ,,,
Background Item 123, Address = 0x6835, GraphicType = 13 Green Locked Cave Door, Screen=058, DoorUnknown1=0x34, X=24, Y=111, Flags=0xe0 (Left), DoorTiming=6, DoorUnknown2=0x03, ,,,
Background Item 124, Address = 0x683d, GraphicType = 1 Cave Dooor Frame, Screen=057, DoorUnknown1=0x34, X=144, Y=111, Flags=0x60 (Right), DoorTiming=183, DoorUnknown2=0x03, ,,,
Background Item 125, Address = 0x6845, GraphicType = 1 Cave Dooor Frame, Screen=059, DoorUnknown1=0x34, X=24, Y=111, Flags=0xe0 (Left), DoorTiming=6, DoorUnknown2=0x03, ,,,
Background Item 126, Address = 0x684d, GraphicType = 1 Cave Dooor Frame, Screen=058, DoorUnknown1=0x34, X=80, Y=167, Flags=0x80 (Bottom), DoorTiming=4, DoorUnknown2=0x06, ,,,
Background Item 127, Address = 0x6855, GraphicType = 1 Cave Dooor Frame, Screen=059, DoorUnknown1=0x34, X=80, Y=47, Flags=0x00 (Top), DoorTiming=4, DoorUnknown2=0x56, ,,,
Background Item 128, Address = 0x685d, GraphicType = 13 Green Locked Cave Door, Screen=059, DoorUnknown1=0x34, X=80, Y=167, Flags=0x80 (Bottom), DoorTiming=4, DoorUnknown2=0x06, ,,,
Background Item 129, Address = 0x6865, GraphicType = 13 Green Locked Cave Door, Screen=060, DoorUnknown1=0x34, X=80, Y=47, Flags=0x00 (Top), DoorTiming=4, DoorUnknown2=0x56, ,,,
Background Item 130, Address = 0x686d, GraphicType = 1 Cave Dooor Frame, Screen=059, DoorUnknown1=0x34, X=144, Y=111, Flags=0x60 (Right), DoorTiming=183, DoorUnknown2=0x03, ,,,
Background Item 131, Address = 0x6875, GraphicType = 1 Cave Dooor Frame, Screen=061, DoorUnknown1=0x34, X=24, Y=111, Flags=0xe0 (Left), DoorTiming=6, DoorUnknown2=0x03, ,,,
Background Item 132, Address = 0x687d, GraphicType = 1 Cave Dooor Frame, Screen=060, DoorUnknown1=0x34, X=144, Y=111, Flags=0x60 (Right), DoorTiming=183, DoorUnknown2=0x03, ,,,
Background Item 133, Address = 0x6885, GraphicType = 1 Cave Dooor Frame, Screen=062, DoorUnknown1=0x34, X=24, Y=111, Flags=0xe0 (Left), DoorTiming=6, DoorUnknown2=0x03, ,,,
Background Item 134, Address = 0x688d, GraphicType = 1 Cave Dooor Frame, Screen=061, DoorUnknown1=0x34, X=80, Y=167, Flags=0x80 (Bottom), DoorTiming=4, DoorUnknown2=0x06, ,,,
Background Item 135, Address = 0x6895, GraphicType = 1 Cave Dooor Frame, Screen=062, DoorUnknown1=0x34, X=80, Y=47, Flags=0x00 (Top), DoorTiming=4, DoorUnknown2=0x56, ,,,
Background Item 136, Address = 0x689d, GraphicType = 14 Cyan Locked Cave Door, Screen=061, DoorUnknown1=0x34, X=144, Y=111, Flags=0x60 (Right), DoorTiming=183, DoorUnknown2=0x03, ,,,
Background Item 137, Address = 0x68a5, GraphicType = 14 Cyan Locked Cave Door, Screen=063, DoorUnknown1=0x34, X=16, Y=111, Flags=0xe0 (Left), DoorTiming=6, DoorUnknown2=0x03, ,,,
Background Item 138, Address = 0x68ad, GraphicType = 1 Cave Dooor Frame, Screen=063, DoorUnknown1=0x34, X=152, Y=111, Flags=0x60 (Right), DoorTiming=183, DoorUnknown2=0x03, ,,,
Background Item 139, Address = 0x68b5, GraphicType = 1 Cave Dooor Frame, Screen=064, DoorUnknown1=0x34, X=24, Y=111, Flags=0xe0 (Left), DoorTiming=6, DoorUnknown2=0x03, ,,,
Background Item 140, Address = 0x68bd, GraphicType = 1 Cave Dooor Frame, Screen=064, DoorUnknown1=0x34, X=144, Y=111, Flags=0x60 (Right), DoorTiming=183, DoorUnknown2=0x03, ,,,
Background Item 141, Address = 0x68c5, GraphicType = 1 Cave Dooor Frame, Screen=065, DoorUnknown1=0x34, X=24, Y=111, Flags=0xe0 (Left), DoorTiming=6, DoorUnknown2=0x03, ,,,
Background Item 142, Address = 0x68cd, GraphicType = 1 Cave Dooor Frame, Screen=064, DoorUnknown1=0x34, X=80, Y=47, Flags=0x00 (Top), DoorTiming=4, DoorUnknown2=0x56, ,,,
Background Item 143, Address = 0x68d5, GraphicType = 1 Cave Dooor Frame, Screen=066, DoorUnknown1=0x34, X=80, Y=175, Flags=0x80 (Bottom), DoorTiming=4, DoorUnknown2=0x06, ,,,
Background Item 144, Address = 0x68dd, GraphicType = 1 Cave Dooor Frame, Screen=066, DoorUnknown1=0x34, X=80, Y=39, Flags=0x00 (Top), DoorTiming=4, DoorUnknown2=0x56, ,,,
Background Item 145, Address = 0x68e5, GraphicType = 1 Cave Dooor Frame, Screen=067, DoorUnknown1=0x34, X=80, Y=167, Flags=0x80 (Bottom), DoorTiming=4, DoorUnknown2=0x06, ,,,
Background Item 146, Address = 0x68ed, GraphicType = 1 Cave Dooor Frame, Screen=067, DoorUnknown1=0x34, X=144, Y=111, Flags=0x60 (Right), DoorTiming=183, DoorUnknown2=0x03, ,,,
Background Item 147, Address = 0x68f5, GraphicType = 1 Cave Dooor Frame, Screen=068, DoorUnknown1=0x34, X=16, Y=111, Flags=0xe0 (Left), DoorTiming=6, DoorUnknown2=0x03, ,,,
Background Item 148, Address = 0x68fd, GraphicType = 12 Red Locked Cave Door, Screen=068, DoorUnknown1=0x34, X=152, Y=111, Flags=0x60 (Right), DoorTiming=183, DoorUnknown2=0x03, ,,,
Background Item 149, Address = 0x6905, GraphicType = 12 Red Locked Cave Door, Screen=069, DoorUnknown1=0x34, X=24, Y=111, Flags=0xe0 (Left), DoorTiming=6, DoorUnknown2=0x03, ,,,
Background Item 150, Address = 0x690d, GraphicType = 1 Cave Dooor Frame, Screen=067, DoorUnknown1=0x34, X=80, Y=47, Flags=0x00 (Top), DoorTiming=4, DoorUnknown2=0x56, ,,,
Background Item 151, Address = 0x6915, GraphicType = 1 Cave Dooor Frame, Screen=070, DoorUnknown1=0x34, X=80, Y=167, Flags=0x80 (Bottom), DoorTiming=4, DoorUnknown2=0x06, ,,,
Background Item 152, Address = 0x691d, GraphicType = 1 Cave Dooor Frame, Screen=070, DoorUnknown1=0x34, X=24, Y=111, Flags=0xe0 (Left), DoorTiming=6, DoorUnknown2=0x03, ,,,
Background Item 153, Address = 0x6925, GraphicType = 1 Cave Dooor Frame, Screen=071, DoorUnknown1=0x34, X=152, Y=111, Flags=0x60 (Right), DoorTiming=183, DoorUnknown2=0x03, ,,,
Background Item 154, Address = 0x692d, GraphicType = 12 Red Locked Cave Door, Screen=071, DoorUnknown1=0x34, X=16, Y=111, Flags=0xe0 (Left), DoorTiming=6, DoorUnknown2=0x03, ,,,
Background Item 155, Address = 0x6935, GraphicType = 12 Red Locked Cave Door, Screen=072, DoorUnknown1=0x34, X=144, Y=111, Flags=0x60 (Right), DoorTiming=183, DoorUnknown2=0x03, ,,,
Background Item 156, Address = 0x693d, GraphicType = 1 Cave Dooor Frame, Screen=072, DoorUnknown1=0x34, X=80, Y=167, Flags=0x80 (Bottom), DoorTiming=4, DoorUnknown2=0x06, ,,,
Background Item 157, Address = 0x6945, GraphicType = 1 Cave Dooor Frame, Screen=073, DoorUnknown1=0x34, X=80, Y=39, Flags=0x00 (Top), DoorTiming=4, DoorUnknown2=0x56, ,,,
Background Item 158, Address = 0x694d, GraphicType = 14 Cyan Locked Cave Door, Screen=072, DoorUnknown1=0x34, X=24, Y=111, Flags=0xe0 (Left), DoorTiming=6, DoorUnknown2=0x03, ,,,
Background Item 159, Address = 0x6955, GraphicType = 14 Cyan Locked Cave Door, Screen=074, DoorUnknown1=0x34, X=152, Y=111, Flags=0x60 (Right), DoorTiming=183, DoorUnknown2=0x03, ,,,
Background Item 160, Address = 0x695d, GraphicType = 1 Cave Dooor Frame, Screen=074, DoorUnknown1=0x34, X=16, Y=111, Flags=0xe0 (Left), DoorTiming=6, DoorUnknown2=0x03, ,,,
Background Item 161, Address = 0x6965, GraphicType = 1 Cave Dooor Frame, Screen=075, DoorUnknown1=0x34, X=144, Y=111, Flags=0x60 (Right), DoorTiming=183, DoorUnknown2=0x03, ,,,
Background Item 162, Address = 0x696d, GraphicType = 1 Cave Dooor Frame, Screen=075, DoorUnknown1=0x34, X=80, Y=47, Flags=0x00 (Top), DoorTiming=4, DoorUnknown2=0x56, ,,,
Background Item 163, Address = 0x6975, GraphicType = 1 Cave Dooor Frame, Screen=076, DoorUnknown1=0x34, X=80, Y=167, Flags=0x80 (Bottom), DoorTiming=4, DoorUnknown2=0x06, ,,,
Background Item 164, Address = 0x697d, GraphicType = 1 Cave Dooor Frame, Screen=072, DoorUnknown1=0x34, X=80, Y=47, Flags=0x00 (Top), DoorTiming=4, DoorUnknown2=0x56, ,,,
Background Item 165, Address = 0x6985, GraphicType = 1 Cave Dooor Frame, Screen=077, DoorUnknown1=0x34, X=80, Y=175, Flags=0x80 (Bottom), DoorTiming=4, DoorUnknown2=0x06, ,,,
Background Item 166, Address = 0x698d, GraphicType = 12 Red Locked Cave Door, Screen=077, DoorUnknown1=0x34, X=80, Y=39, Flags=0x00 (Top), DoorTiming=4, DoorUnknown2=0x56, ,,,
Background Item 167, Address = 0x6995, GraphicType = 12 Red Locked Cave Door, Screen=078, DoorUnknown1=0x34, X=80, Y=167, Flags=0x80 (Bottom), DoorTiming=4, DoorUnknown2=0x06, ,,,
Background Item 168, Address = 0x699d, GraphicType = 1 Cave Dooor Frame, Screen=078, DoorUnknown1=0x34, X=144, Y=111, Flags=0x60 (Right), DoorTiming=183, DoorUnknown2=0x03, ,,,
Background Item 169, Address = 0x69a5, GraphicType = 1 Cave Dooor Frame, Screen=079, DoorUnknown1=0x34, X=16, Y=111, Flags=0xe0 (Left), DoorTiming=6, DoorUnknown2=0x03, ,,,
Background Item 170, Address = 0x69ad, GraphicType = 1 Cave Dooor Frame, Screen=079, DoorUnknown1=0x34, X=152, Y=111, Flags=0x60 (Right), DoorTiming=183, DoorUnknown2=0x03, ,,,
Background Item 171, Address = 0x69b5, GraphicType = 1 Cave Dooor Frame, Screen=080, DoorUnknown1=0x34, X=24, Y=111, Flags=0xe0 (Left), DoorTiming=6, DoorUnknown2=0x03, ,,,
Background Item 172, Address = 0x69bd, GraphicType = 1 Cave Dooor Frame, Screen=080, DoorUnknown1=0x34, X=80, Y=167, Flags=0x80 (Bottom), DoorTiming=4, DoorUnknown2=0x06, ,,,
Background Item 173, Address = 0x69c5, GraphicType = 1 Cave Dooor Frame, Screen=081, DoorUnknown1=0x34, X=80, Y=39, Flags=0x00 (Top), DoorTiming=4, DoorUnknown2=0x56, ,,,
Background Item 174, Address = 0x69cd, GraphicType = 13 Green Locked Cave Door, Screen=080, DoorUnknown1=0x34, X=144, Y=111, Flags=0x60 (Right), DoorTiming=183, DoorUnknown2=0x03, ,,,
Background Item 175, Address = 0x69d5, GraphicType = 13 Green Locked Cave Door, Screen=082, DoorUnknown1=0x34, X=16, Y=111, Flags=0xe0 (Left), DoorTiming=6, DoorUnknown2=0x03, ,,,
Background Item 176, Address = 0x69dd, GraphicType = 1 Cave Dooor Frame, Screen=082, DoorUnknown1=0x34, X=152, Y=111, Flags=0x60 (Right), DoorTiming=183, DoorUnknown2=0x03, ,,,
Background Item 177, Address = 0x69e5, GraphicType = 1 Cave Dooor Frame, Screen=083, DoorUnknown1=0x34, X=24, Y=111, Flags=0xe0 (Left), DoorTiming=6, DoorUnknown2=0x03, ,,,
Background Item 178, Address = 0x69ed, GraphicType = 1 Cave Dooor Frame, Screen=029, DoorUnknown1=0x34, X=144, Y=111, Flags=0x60 (Right), DoorTiming=183, DoorUnknown2=0x03, ,,,
Background Item 179, Address = 0x69f5, GraphicType = 1 Cave Dooor Frame, Screen=067, DoorUnknown1=0x34, X=24, Y=111, Flags=0xe0 (Left), DoorTiming=6, DoorUnknown2=0x03, ,,,
Background Item 180, Address = 0x69fd, GraphicType = 1 Cave Dooor Frame, Screen=070, DoorUnknown1=0x34, X=80, Y=47, Flags=0x00 (Top), DoorTiming=4, DoorUnknown2=0x56, ,,,
Background Item 181, Address = 0x6a05, GraphicType = 1 Cave Dooor Frame, Screen=081, DoorUnknown1=0x34, X=80, Y=175, Flags=0x80 (Bottom), DoorTiming=4, DoorUnknown2=0x06, ,,,
Background Item 182, Address = 0x6a0d, GraphicType = 1 Cave Dooor Frame, Screen=076, DoorUnknown1=0x34, X=24, Y=111, Flags=0xe0 (Left), DoorTiming=6, DoorUnknown2=0x03, ,,,
Background Item 183, Address = 0x6a15, GraphicType = 1 Cave Dooor Frame, Screen=085, DoorUnknown1=0x34, X=144, Y=111, Flags=0x60 (Right), DoorTiming=183, DoorUnknown2=0x03, ,,,
Background Item 184, Address = 0x6a1d, GraphicType = 1 Cave Dooor Frame, Screen=084, DoorUnknown1=0x34, X=144, Y=111, Flags=0x60 (Right), DoorTiming=183, DoorUnknown2=0x03, ,,,
Background Item 185, Address = 0x6a25, GraphicType = 1 Cave Dooor Frame, Screen=085, DoorUnknown1=0x34, X=24, Y=111, Flags=0xe0 (Left), DoorTiming=6, DoorUnknown2=0x03, ,,,
Background Item 186, Address = 0x6a2d, GraphicType = 1 Cave Dooor Frame, Screen=084, DoorUnknown1=0x34, X=24, Y=111, Flags=0xe0 (Left), DoorTiming=6, DoorUnknown2=0x03, ,,,
Background Item 187, Address = 0x6a35, GraphicType = 1 Cave Dooor Frame, Screen=048, DoorUnknown1=0x34, X=144, Y=111, Flags=0x60 (Right), DoorTiming=183, DoorUnknown2=0x03, ,,,
Background Item 188, Address = 0x6a3d, GraphicType = 2 Normal Door Frame, Screen=045, DoorUnknown1=0x34, X=8, Y=111, Flags=0xe0 (Left), DoorTiming=6, DoorUnknown2=0x03, ,,,
Background Item 189, Address = 0x6a45, GraphicType = 2 Normal Door Frame, Screen=117, DoorUnknown1=0x34, X=160, Y=111, Flags=0x60 (Right), DoorTiming=183, DoorUnknown2=0x03, ,,,
Background Item 190, Address = 0x6a4d, GraphicType = 2 Normal Door Frame, Screen=117, DoorUnknown1=0x34, X=80, Y=183, Flags=0x80 (Bottom), DoorTiming=4, DoorUnknown2=0x06, ,,,
Background Item 191, Address = 0x6a55, GraphicType = 2 Normal Door Frame, Screen=118, DoorUnknown1=0x34, X=80, Y=31, Flags=0x00 (Top), DoorTiming=4, DoorUnknown2=0x56, ,,,
Background Item 192, Address = 0x6a5d, GraphicType = 2 Normal Door Frame, Screen=118, DoorUnknown1=0x34, X=160, Y=111, Flags=0x60 (Right), DoorTiming=183, DoorUnknown2=0x03, ,,,
Background Item 193, Address = 0x6a65, GraphicType = 2 Normal Door Frame, Screen=119, DoorUnknown1=0x34, X=8, Y=111, Flags=0xe0 (Left), DoorTiming=6, DoorUnknown2=0x03, ,,,
Background Item 194, Address = 0x6a6d, GraphicType = 2 Normal Door Frame, Screen=119, DoorUnknown1=0x34, X=160, Y=111, Flags=0x60 (Right), DoorTiming=183, DoorUnknown2=0x03, ,,,
Background Item 195, Address = 0x6a75, GraphicType = 2 Normal Door Frame, Screen=120, DoorUnknown1=0x34, X=8, Y=111, Flags=0xe0 (Left), DoorTiming=6, DoorUnknown2=0x03, ,,,
Background Item 196, Address = 0x6a7d, GraphicType = 2 Normal Door Frame, Screen=120, DoorUnknown1=0x34, X=80, Y=183, Flags=0x80 (Bottom), DoorTiming=4, DoorUnknown2=0x06, ,,,
Background Item 197, Address = 0x6a85, GraphicType = 2 Normal Door Frame, Screen=121, DoorUnknown1=0x34, X=80, Y=31, Flags=0x00 (Top), DoorTiming=4, DoorUnknown2=0x56, ,,,
Background Item 198, Address = 0x6a8d, GraphicType = 2 Normal Door Frame, Screen=121, DoorUnknown1=0x34, X=80, Y=183, Flags=0x80 (Bottom), DoorTiming=4, DoorUnknown2=0x06, ,,,
Background Item 199, Address = 0x6a95, GraphicType = 2 Normal Door Frame, Screen=122, DoorUnknown1=0x34, X=80, Y=31, Flags=0x00 (Top), DoorTiming=4, DoorUnknown2=0x56, ,,,
Background Item 200, Address = 0x6a9d, GraphicType = 2 Normal Door Frame, Screen=122, DoorUnknown1=0x34, X=8, Y=111, Flags=0xe0 (Left), DoorTiming=6, DoorUnknown2=0x03, ,,,
Background Item 201, Address = 0x6aa5, GraphicType = 2 Normal Door Frame, Screen=123, DoorUnknown1=0x34, X=160, Y=111, Flags=0x60 (Right), DoorTiming=183, DoorUnknown2=0x03, ,,,
Background Item 202, Address = 0x6aad, GraphicType = 11 Yellow Locked Normal Door, Screen=123, DoorUnknown1=0x34, X=8, Y=111, Flags=0xe0 (Left), DoorTiming=6, DoorUnknown2=0x03, ,,,
Background Item 203, Address = 0x6ab5, GraphicType = 11 Yellow Locked Normal Door, Screen=124, DoorUnknown1=0x34, X=160, Y=111, Flags=0x60 (Right), DoorTiming=183, DoorUnknown2=0x03, ,,,
Background Item 204, Address = 0x6abd, GraphicType = 11 Yellow Locked Normal Door, Screen=124, DoorUnknown1=0x34, X=80, Y=31, Flags=0x00 (Top), DoorTiming=4, DoorUnknown2=0x56, ,,,
Background Item 205, Address = 0x6ac5, GraphicType = 11 Yellow Locked Normal Door, Screen=125, DoorUnknown1=0x34, X=80, Y=183, Flags=0x80 (Bottom), DoorTiming=4, DoorUnknown2=0x06, ,,,
Background Item 206, Address = 0x6acd, GraphicType = 2 Normal Door Frame, Screen=125, DoorUnknown1=0x34, X=80, Y=31, Flags=0x00 (Top), DoorTiming=4, DoorUnknown2=0x56, ,,,
Background Item 207, Address = 0x6ad5, GraphicType = 2 Normal Door Frame, Screen=118, DoorUnknown1=0x34, X=80, Y=183, Flags=0x80 (Bottom), DoorTiming=4, DoorUnknown2=0x06, ,,,
Background Item 208, Address = 0x6add, GraphicType = 8 Red Locked Normal Door, Screen=122, DoorUnknown1=0x34, X=160, Y=111, Flags=0x60 (Right), DoorTiming=183, DoorUnknown2=0x03, ,,,
Background Item 209, Address = 0x6ae5, GraphicType = 8 Red Locked Normal Door, Screen=126, DoorUnknown1=0x34, X=8, Y=111, Flags=0xe0 (Left), DoorTiming=6, DoorUnknown2=0x03, ,,,
Background Item 210, Address = 0x6aed, GraphicType = 2 Normal Door Frame, Screen=126, DoorUnknown1=0x34, X=80, Y=31, Flags=0x00 (Top), DoorTiming=4, DoorUnknown2=0x56, ,,,
Background Item 211, Address = 0x6af5, GraphicType = 2 Normal Door Frame, Screen=041, DoorUnknown1=0x34, X=80, Y=183, Flags=0x80 (Bottom), DoorTiming=4, DoorUnknown2=0x06, ,,,
Background Item 212, Address = 0x6afd, GraphicType = 2 Normal Door Frame, Screen=033, DoorUnknown1=0x34, X=80, Y=31, Flags=0x00 (Top), DoorTiming=4, DoorUnknown2=0x56, ,,,
Background Item 213, Address = 0x6b05, GraphicType = 2 Normal Door Frame, Screen=136, DoorUnknown1=0x34, X=80, Y=183, Flags=0x80 (Bottom), DoorTiming=4, DoorUnknown2=0x06, ,,,
Background Item 214, Address = 0x6b0d, GraphicType = 9 Green Locked Normal Door, Screen=127, DoorUnknown1=0x34, X=160, Y=111, Flags=0x60 (Right), DoorTiming=183, DoorUnknown2=0x03, ,,,
Background Item 215, Address = 0x6b15, GraphicType = 9 Green Locked Normal Door, Screen=128, DoorUnknown1=0x34, X=8, Y=111, Flags=0xe0 (Left), DoorTiming=6, DoorUnknown2=0x03, ,,,
Background Item 216, Address = 0x6b1d, GraphicType = 2 Normal Door Frame, Screen=128, DoorUnknown1=0x34, X=80, Y=183, Flags=0x80 (Bottom), DoorTiming=4, DoorUnknown2=0x06, ,,,
Background Item 217, Address = 0x6b25, GraphicType = 2 Normal Door Frame, Screen=130, DoorUnknown1=0x34, X=80, Y=31, Flags=0x00 (Top), DoorTiming=4, DoorUnknown2=0x56, ,,,
Background Item 218, Address = 0x6b2d, GraphicType = 2 Normal Door Frame, Screen=130, DoorUnknown1=0x34, X=8, Y=111, Flags=0xe0 (Left), DoorTiming=6, DoorUnknown2=0x03, ,,,
Background Item 219, Address = 0x6b35, GraphicType = 2 Normal Door Frame, Screen=129, DoorUnknown1=0x34, X=160, Y=111, Flags=0x60 (Right), DoorTiming=183, DoorUnknown2=0x03, ,,,
Background Item 220, Address = 0x6b3d, GraphicType = 2 Normal Door Frame, Screen=129, DoorUnknown1=0x34, X=80, Y=31, Flags=0x00 (Top), DoorTiming=4, DoorUnknown2=0x56, ,,,
Background Item 221, Address = 0x6b45, GraphicType = 2 Normal Door Frame, Screen=127, DoorUnknown1=0x34, X=80, Y=183, Flags=0x80 (Bottom), DoorTiming=4, DoorUnknown2=0x06, ,,,
Background Item 222, Address = 0x6b4d, GraphicType = 10 Cyan Locked Normal Door, Screen=130, DoorUnknown1=0x34, X=160, Y=111, Flags=0x60 (Right), DoorTiming=183, DoorUnknown2=0x03, ,,,
Background Item 223, Address = 0x6b55, GraphicType = 10 Cyan Locked Normal Door, Screen=135, DoorUnknown1=0x34, X=8, Y=111, Flags=0xe0 (Left), DoorTiming=6, DoorUnknown2=0x03, ,,,
Background Item 224, Address = 0x6b5d, GraphicType = 2 Normal Door Frame, Screen=135, DoorUnknown1=0x34, X=160, Y=111, Flags=0x60 (Right), DoorTiming=183, DoorUnknown2=0x03, ,,,
Background Item 225, Address = 0x6b65, GraphicType = 2 Normal Door Frame, Screen=136, DoorUnknown1=0x34, X=8, Y=111, Flags=0xe0 (Left), DoorTiming=6, DoorUnknown2=0x03, ,,,
Background Item 226, Address = 0x6b6d, GraphicType = 2 Normal Door Frame, Screen=135, DoorUnknown1=0x34, X=80, Y=183, Flags=0x80 (Bottom), DoorTiming=4, DoorUnknown2=0x06, ,,,
Background Item 227, Address = 0x6b75, GraphicType = 2 Normal Door Frame, Screen=139, DoorUnknown1=0x34, X=80, Y=31, Flags=0x00 (Top), DoorTiming=4, DoorUnknown2=0x56, ,,,
Background Item 228, Address = 0x6b7d, GraphicType = 2 Normal Door Frame, Screen=139, DoorUnknown1=0x34, X=80, Y=183, Flags=0x80 (Bottom), DoorTiming=4, DoorUnknown2=0x06, ,,,
Background Item 229, Address = 0x6b85, GraphicType = 2 Normal Door Frame, Screen=140, DoorUnknown1=0x34, X=80, Y=31, Flags=0x00 (Top), DoorTiming=4, DoorUnknown2=0x56, ,,,
Background Item 230, Address = 0x6b8d, GraphicType = 9 Green Locked Normal Door, Screen=140, DoorUnknown1=0x34, X=80, Y=183, Flags=0x80 (Bottom), DoorTiming=4, DoorUnknown2=0x06, ,,,
Background Item 231, Address = 0x6b95, GraphicType = 9 Green Locked Normal Door, Screen=141, DoorUnknown1=0x34, X=80, Y=31, Flags=0x00 (Top), DoorTiming=4, DoorUnknown2=0x56, ,,,
Background Item 232, Address = 0x6b9d, GraphicType = 8 Red Locked Normal Door, Screen=131, DoorUnknown1=0x34, X=160, Y=111, Flags=0x60 (Right), DoorTiming=183, DoorUnknown2=0x03, ,,,
Background Item 233, Address = 0x6ba5, GraphicType = 8 Red Locked Normal Door, Screen=132, DoorUnknown1=0x34, X=8, Y=111, Flags=0xe0 (Left), DoorTiming=6, DoorUnknown2=0x03, ,,,
Background Item 234, Address = 0x6bad, GraphicType = 2 Normal Door Frame, Screen=132, DoorUnknown1=0x34, X=80, Y=183, Flags=0x80 (Bottom), DoorTiming=4, DoorUnknown2=0x06, ,,,
Background Item 235, Address = 0x6bb5, GraphicType = 2 Normal Door Frame, Screen=134, DoorUnknown1=0x34, X=80, Y=31, Flags=0x00 (Top), DoorTiming=4, DoorUnknown2=0x56, ,,,
Background Item 236, Address = 0x6bbd, GraphicType = 2 Normal Door Frame, Screen=134, DoorUnknown1=0x34, X=8, Y=111, Flags=0xe0 (Left), DoorTiming=6, DoorUnknown2=0x03, ,,,
Background Item 237, Address = 0x6bc5, GraphicType = 2 Normal Door Frame, Screen=133, DoorUnknown1=0x34, X=160, Y=111, Flags=0x60 (Right), DoorTiming=183, DoorUnknown2=0x03, ,,,
Background Item 238, Address = 0x6bcd, GraphicType = 2 Normal Door Frame, Screen=133, DoorUnknown1=0x34, X=80, Y=31, Flags=0x00 (Top), DoorTiming=4, DoorUnknown2=0x56, ,,,
Background Item 239, Address = 0x6bd5, GraphicType = 2 Normal Door Frame, Screen=131, DoorUnknown1=0x34, X=80, Y=183, Flags=0x80 (Bottom), DoorTiming=4, DoorUnknown2=0x06, ,,,
Background Item 240, Address = 0x6bdd, GraphicType = 11 Yellow Locked Normal Door, Screen=132, DoorUnknown1=0x34, X=160, Y=111, Flags=0x60 (Right), DoorTiming=183, DoorUnknown2=0x03, ,,,
Background Item 241, Address = 0x6be5, GraphicType = 11 Yellow Locked Normal Door, Screen=137, DoorUnknown1=0x34, X=8, Y=111, Flags=0xe0 (Left), DoorTiming=6, DoorUnknown2=0x03, ,,,
Background Item 242, Address = 0x6bed, GraphicType = 2 Normal Door Frame, Screen=137, DoorUnknown1=0x34, X=80, Y=31, Flags=0x00 (Top), DoorTiming=4, DoorUnknown2=0x56, ,,,
Background Item 243, Address = 0x6bf5, GraphicType = 2 Normal Door Frame, Screen=141, DoorUnknown1=0x34, X=80, Y=183, Flags=0x80 (Bottom), DoorTiming=4, DoorUnknown2=0x06, ,,,
Background Item 244, Address = 0x6bfd, GraphicType = 2 Normal Door Frame, Screen=137, DoorUnknown1=0x34, X=160, Y=111, Flags=0x60 (Right), DoorTiming=183, DoorUnknown2=0x03, ,,,
Background Item 245, Address = 0x6c05, GraphicType = 2 Normal Door Frame, Screen=138, DoorUnknown1=0x34, X=8, Y=111, Flags=0xe0 (Left), DoorTiming=6, DoorUnknown2=0x03, ,,,
Background Item 246, Address = 0x6c0d, GraphicType = 9 Green Locked Normal Door, Screen=138, DoorUnknown1=0x34, X=80, Y=31, Flags=0x00 (Top), DoorTiming=4, DoorUnknown2=0x56, ,,,
Background Item 247, Address = 0x6c15, GraphicType = 9 Green Locked Normal Door, Screen=035, DoorUnknown1=0x34, X=80, Y=183, Flags=0x80 (Bottom), DoorTiming=4, DoorUnknown2=0x06, ,,,
Background Item 248, Address = 0x6c1d, GraphicType = 2 Normal Door Frame, Screen=019, DoorUnknown1=0x34, X=8, Y=111, Flags=0xe0 (Left), DoorTiming=6, DoorUnknown2=0x03, ,,,
Background Item 249, Address = 0x6c25, GraphicType = 2 Normal Door Frame, Screen=115, DoorUnknown1=0x34, X=160, Y=111, Flags=0x60 (Right), DoorTiming=183, DoorUnknown2=0x03, ,,,
Background Item 250, Address = 0x6c2d, GraphicType = 2 Normal Door Frame, Screen=017, DoorUnknown1=0x34, X=128, Y=111, Flags=0x60 (Right), DoorTiming=183, DoorUnknown2=0x03, ,,,
Background Item 251, Address = 0x6c35, GraphicType = 2 Normal Door Frame, Screen=107, DoorUnknown1=0x34, X=8, Y=111, Flags=0xe0 (Left), DoorTiming=6, DoorUnknown2=0x03, ,,,
Background Item 252, Address = 0x6c3d, GraphicType = 2 Normal Door Frame, Screen=107, DoorUnknown1=0x34, X=160, Y=111, Flags=0x60 (Right), DoorTiming=183, DoorUnknown2=0x03, ,,,
Background Item 253, Address = 0x6c45, GraphicType = 2 Normal Door Frame, Screen=108, DoorUnknown1=0x34, X=8, Y=111, Flags=0xe0 (Left), DoorTiming=6, DoorUnknown2=0x03, ,,,
Background Item 254, Address = 0x6c4d, GraphicType = 10 Cyan Locked Normal Door, Screen=108, DoorUnknown1=0x34, X=160, Y=111, Flags=0x60 (Right), DoorTiming=183, DoorUnknown2=0x03, ,,screen 2,screen 3
Background Item 255, Address = 0x6c55, GraphicType = 10 Cyan Locked Normal Door, Screen=003, DoorUnknown1=0x34, X=8, Y=111, Flags=0xe0 (Left), DoorTiming=6, DoorUnknown2=0x03, ,,,
Background Item 256, Address = 0x6c5d, GraphicType = 9 Green Locked Normal Door, Screen=015, DoorUnknown1=0x34, X=128, Y=111, Flags=0x60 (Right), DoorTiming=183, DoorUnknown2=0x03, ,,,
Background Item 257, Address = 0x6c65, GraphicType = 9 Green Locked Normal Door, Screen=109, DoorUnknown1=0x34, X=8, Y=111, Flags=0xe0 (Left), DoorTiming=6, DoorUnknown2=0x03, ,,,
Background Item 258, Address = 0x6c6d, GraphicType = 2 Normal Door Frame, Screen=109, DoorUnknown1=0x34, X=160, Y=111, Flags=0x60 (Right), DoorTiming=183, DoorUnknown2=0x03, ,,,
Background Item 259, Address = 0x6c75, GraphicType = 2 Normal Door Frame, Screen=110, DoorUnknown1=0x34, X=8, Y=111, Flags=0xe0 (Left), DoorTiming=6, DoorUnknown2=0x03, ,,,
Background Item 260, Address = 0x6c7d, GraphicType = 2 Normal Door Frame, Screen=110, DoorUnknown1=0x34, X=160, Y=111, Flags=0x60 (Right), DoorTiming=183, DoorUnknown2=0x03, ,,,
Background Item 261, Address = 0x6c85, GraphicType = 2 Normal Door Frame, Screen=005, DoorUnknown1=0x34, X=8, Y=111, Flags=0xe0 (Left), DoorTiming=6, DoorUnknown2=0x03, ,,,
Background Item 262, Address = 0x6c8d, GraphicType = 10 Cyan Locked Normal Door, Screen=013, DoorUnknown1=0x34, X=80, Y=183, Flags=0x80 (Bottom), DoorTiming=4, DoorUnknown2=0x06, ,,,
Background Item 263, Address = 0x6c95, GraphicType = 10 Cyan Locked Normal Door, Screen=111, DoorUnknown1=0x34, X=80, Y=31, Flags=0x00 (Top), DoorTiming=4, DoorUnknown2=0x56, ,,,
Background Item 264, Address = 0x6c9d, GraphicType = 2 Normal Door Frame, Screen=111, DoorUnknown1=0x34, X=80, Y=183, Flags=0x80 (Bottom), DoorTiming=4, DoorUnknown2=0x06, ,,,
Background Item 265, Address = 0x6ca5, GraphicType = 2 Normal Door Frame, Screen=112, DoorUnknown1=0x34, X=112, Y=31, Flags=0x00 (Top), DoorTiming=4, DoorUnknown2=0x56, ,,,
Background Item 266, Address = 0x6cad, GraphicType = 2 Normal Door Frame, Screen=112, DoorUnknown1=0x34, X=48, Y=31, Flags=0x00 (Top), DoorTiming=4, DoorUnknown2=0x56, ,,,
Background Item 267, Address = 0x6cb5, GraphicType = 3 BigDooor Frame, Screen=113, DoorUnknown1=0x38, X=72, Y=182, Flags=0x80 (Bottom), DoorTiming=22, DoorUnknown2=0x08, ,,,
Background Item 268, Address = 0x6cbd, GraphicType = 2 Normal Door Frame, Screen=113, DoorUnknown1=0x34, X=80, Y=40, Flags=0x00 (Top), DoorTiming=4, DoorUnknown2=0x56, ,,,
Background Item 269, Address = 0x6cc5, GraphicType = 3 BigDooor Frame, Screen=114, DoorUnknown1=0x38, X=72, Y=182, Flags=0x80 (Bottom), DoorTiming=22, DoorUnknown2=0x08, ,,,
Background Item 270, Address = 0x6ccd, GraphicType = 2 Normal Door Frame, Screen=114, DoorUnknown1=0x34, X=80, Y=40, Flags=0x00 (Top), DoorTiming=4, DoorUnknown2=0x56, ,,,
Background Item 271, Address = 0x6cd5, GraphicType = 1 Cave Dooor Frame, Screen=053, DoorUnknown1=0x34, X=80, Y=167, Flags=0x80 (Bottom), DoorTiming=4, DoorUnknown2=0x06, ,,,
Background Item 272, Address = 0x6cdd, GraphicType = 1 Cave Dooor Frame, Screen=048, DoorUnknown1=0x34, X=24, Y=111, Flags=0xe0 (Left), DoorTiming=6, DoorUnknown2=0x03, ,,,
Background Item 273, Address = 0x6ce5, GraphicType = 1 Cave Dooor Frame, Screen=116, DoorUnknown1=0x34, X=144, Y=111, Flags=0x60 (Right), DoorTiming=183, DoorUnknown2=0x03, ,,,
Background Item 274, Address = 0x6ced, GraphicType = 2 Normal Door Frame, Screen=086, DoorUnknown1=0x34, X=160, Y=111, Flags=0x60 (Right), DoorTiming=183, DoorUnknown2=0x03, ,,,
Background Item 275, Address = 0x6cf5, GraphicType = 2 Normal Door Frame, Screen=087, DoorUnknown1=0x34, X=8, Y=111, Flags=0xe0 (Left), DoorTiming=6, DoorUnknown2=0x03, ,,,
Background Item 276, Address = 0x6cfd, GraphicType = 9 Green Locked Normal Door, Screen=087, DoorUnknown1=0x34, X=160, Y=111, Flags=0x60 (Right), DoorTiming=183, DoorUnknown2=0x03, ,,,
Background Item 277, Address = 0x6d05, GraphicType = 9 Green Locked Normal Door, Screen=088, DoorUnknown1=0x34, X=8, Y=111, Flags=0xe0 (Left), DoorTiming=6, DoorUnknown2=0x03, ,,,
Background Item 278, Address = 0x6d0d, GraphicType = 2 Normal Door Frame, Screen=088, DoorUnknown1=0x34, X=160, Y=111, Flags=0x60 (Right), DoorTiming=183, DoorUnknown2=0x03, ,,,
Background Item 279, Address = 0x6d15, GraphicType = 2 Normal Door Frame, Screen=089, DoorUnknown1=0x34, X=8, Y=111, Flags=0xe0 (Left), DoorTiming=6, DoorUnknown2=0x03, ,,,
Background Item 280, Address = 0x6d1d, GraphicType = 2 Normal Door Frame, Screen=090, DoorUnknown1=0x34, X=160, Y=111, Flags=0x60 (Right), DoorTiming=183, DoorUnknown2=0x03, ,,,
Background Item 281, Address = 0x6d25, GraphicType = 2 Normal Door Frame, Screen=091, DoorUnknown1=0x34, X=8, Y=111, Flags=0xe0 (Left), DoorTiming=6, DoorUnknown2=0x03, ,,,
Background Item 282, Address = 0x6d2d, GraphicType = 8 Red Locked Normal Door, Screen=091, DoorUnknown1=0x34, X=160, Y=111, Flags=0x60 (Right), DoorTiming=183, DoorUnknown2=0x03, ,,,
Background Item 283, Address = 0x6d35, GraphicType = 8 Red Locked Normal Door, Screen=092, DoorUnknown1=0x34, X=8, Y=111, Flags=0xe0 (Left), DoorTiming=6, DoorUnknown2=0x03, ,,,
Background Item 284, Address = 0x6d3d, GraphicType = 9 Green Locked Normal Door, Screen=092, DoorUnknown1=0x34, X=160, Y=111, Flags=0x60 (Right), DoorTiming=183, DoorUnknown2=0x03, ,,,
Background Item 285, Address = 0x6d45, GraphicType = 9 Green Locked Normal Door, Screen=093, DoorUnknown1=0x34, X=8, Y=111, Flags=0xe0 (Left), DoorTiming=6, DoorUnknown2=0x03, ,,,
Background Item 286, Address = 0x6d4d, GraphicType = 8 Red Locked Normal Door, Screen=094, DoorUnknown1=0x34, X=160, Y=111, Flags=0x60 (Right), DoorTiming=183, DoorUnknown2=0x03, ,,,
Background Item 287, Address = 0x6d55, GraphicType = 8 Red Locked Normal Door, Screen=095, DoorUnknown1=0x34, X=8, Y=111, Flags=0xe0 (Left), DoorTiming=6, DoorUnknown2=0x03, ,,,
Background Item 288, Address = 0x6d5d, GraphicType = 8 Red Locked Normal Door, Screen=095, DoorUnknown1=0x34, X=160, Y=111, Flags=0x60 (Right), DoorTiming=183, DoorUnknown2=0x03, ,,,
Background Item 289, Address = 0x6d65, GraphicType = 8 Red Locked Normal Door, Screen=096, DoorUnknown1=0x34, X=8, Y=111, Flags=0xe0 (Left), DoorTiming=6, DoorUnknown2=0x03, ,,,
Background Item 290, Address = 0x6d6d, GraphicType = 2 Normal Door Frame, Screen=096, DoorUnknown1=0x34, X=160, Y=111, Flags=0x60 (Right), DoorTiming=183, DoorUnknown2=0x03, ,,,
Background Item 291, Address = 0x6d75, GraphicType = 2 Normal Door Frame, Screen=097, DoorUnknown1=0x34, X=8, Y=111, Flags=0xe0 (Left), DoorTiming=6, DoorUnknown2=0x03, ,,,
Background Item 292, Address = 0x6d7d, GraphicType = 2 Normal Door Frame, Screen=098, DoorUnknown1=0x34, X=160, Y=111, Flags=0x60 (Right), DoorTiming=183, DoorUnknown2=0x03, ,,,
Background Item 293, Address = 0x6d85, GraphicType = 2 Normal Door Frame, Screen=099, DoorUnknown1=0x34, X=8, Y=111, Flags=0xe0 (Left), DoorTiming=6, DoorUnknown2=0x03, ,,,
Background Item 294, Address = 0x6d8d, GraphicType = 2 Normal Door Frame, Screen=099, DoorUnknown1=0x34, X=160, Y=111, Flags=0x60 (Right), DoorTiming=183, DoorUnknown2=0x03, ,,,
Background Item 295, Address = 0x6d95, GraphicType = 2 Normal Door Frame, Screen=100, DoorUnknown1=0x34, X=8, Y=111, Flags=0xe0 (Left), DoorTiming=6, DoorUnknown2=0x03, ,,,
Background Item 296, Address = 0x6d9d, GraphicType = 11 Yellow Locked Normal Door, Screen=100, DoorUnknown1=0x34, X=160, Y=111, Flags=0x60 (Right), DoorTiming=183, DoorUnknown2=0x03, ,,,
Background Item 297, Address = 0x6da5, GraphicType = 11 Yellow Locked Normal Door, Screen=101, DoorUnknown1=0x34, X=8, Y=111, Flags=0xe0 (Left), DoorTiming=6, DoorUnknown2=0x03, ,,,
Background Item 298, Address = 0x6dad, GraphicType = 2 Normal Door Frame, Screen=086, DoorUnknown1=0x34, X=80, Y=183, Flags=0x80 (Bottom), DoorTiming=4, DoorUnknown2=0x06, ,,,
Background Item 299, Address = 0x6db5, GraphicType = 2 Normal Door Frame, Screen=090, DoorUnknown1=0x34, X=80, Y=31, Flags=0x00 (Top), DoorTiming=4, DoorUnknown2=0x56, ,,,
Background Item 300, Address = 0x6dbd, GraphicType = 10 Cyan Locked Normal Door, Screen=090, DoorUnknown1=0x34, X=80, Y=183, Flags=0x80 (Bottom), DoorTiming=4, DoorUnknown2=0x06, ,,,
Background Item 301, Address = 0x6dc5, GraphicType = 10 Cyan Locked Normal Door, Screen=094, DoorUnknown1=0x34, X=80, Y=31, Flags=0x00 (Top), DoorTiming=4, DoorUnknown2=0x56, ,,,
Background Item 302, Address = 0x6dcd, GraphicType = 2 Normal Door Frame, Screen=094, DoorUnknown1=0x34, X=80, Y=183, Flags=0x80 (Bottom), DoorTiming=4, DoorUnknown2=0x06, ,,,
Background Item 303, Address = 0x6dd5, GraphicType = 2 Normal Door Frame, Screen=098, DoorUnknown1=0x34, X=80, Y=31, Flags=0x00 (Top), DoorTiming=4, DoorUnknown2=0x56, ,,,
Background Item 304, Address = 0x6ddd, GraphicType = 2 Normal Door Frame, Screen=087, DoorUnknown1=0x34, X=80, Y=183, Flags=0x80 (Bottom), DoorTiming=4, DoorUnknown2=0x06, ,,,
Background Item 305, Address = 0x6de5, GraphicType = 2 Normal Door Frame, Screen=091, DoorUnknown1=0x34, X=80, Y=31, Flags=0x00 (Top), DoorTiming=4, DoorUnknown2=0x56, ,,,
Background Item 306, Address = 0x6ded, GraphicType = 9 Green Locked Normal Door, Screen=091, DoorUnknown1=0x34, X=48, Y=183, Flags=0x80 (Bottom), DoorTiming=4, DoorUnknown2=0x06, ,,,
Background Item 307, Address = 0x6df5, GraphicType = 9 Green Locked Normal Door, Screen=095, DoorUnknown1=0x34, X=48, Y=31, Flags=0x00 (Top), DoorTiming=4, DoorUnknown2=0x56, ,,,
Background Item 308, Address = 0x6dfd, GraphicType = 10 Cyan Locked Normal Door, Screen=095, DoorUnknown1=0x34, X=80, Y=183, Flags=0x80 (Bottom), DoorTiming=4, DoorUnknown2=0x06, ,,,
Background Item 309, Address = 0x6e05, GraphicType = 10 Cyan Locked Normal Door, Screen=099, DoorUnknown1=0x34, X=80, Y=31, Flags=0x00 (Top), DoorTiming=4, DoorUnknown2=0x56, ,,,
Background Item 310, Address = 0x6e0d, GraphicType = 2 Normal Door Frame, Screen=088, DoorUnknown1=0x34, X=80, Y=183, Flags=0x80 (Bottom), DoorTiming=4, DoorUnknown2=0x06, ,,,
Background Item 311, Address = 0x6e15, GraphicType = 2 Normal Door Frame, Screen=092, DoorUnknown1=0x34, X=80, Y=31, Flags=0x00 (Top), DoorTiming=4, DoorUnknown2=0x56, ,,,
Background Item 312, Address = 0x6e1d, GraphicType = 8 Red Locked Normal Door, Screen=092, DoorUnknown1=0x34, X=112, Y=183, Flags=0x80 (Bottom), DoorTiming=4, DoorUnknown2=0x06, ,,,
Background Item 313, Address = 0x6e25, GraphicType = 8 Red Locked Normal Door, Screen=096, DoorUnknown1=0x34, X=112, Y=31, Flags=0x00 (Top), DoorTiming=4, DoorUnknown2=0x56, ,,,
Background Item 314, Address = 0x6e2d, GraphicType = 10 Cyan Locked Normal Door, Screen=096, DoorUnknown1=0x34, X=80, Y=183, Flags=0x80 (Bottom), DoorTiming=4, DoorUnknown2=0x06, ,,,
Background Item 315, Address = 0x6e35, GraphicType = 10 Cyan Locked Normal Door, Screen=100, DoorUnknown1=0x34, X=80, Y=31, Flags=0x00 (Top), DoorTiming=4, DoorUnknown2=0x56, ,,,
Background Item 316, Address = 0x6e3d, GraphicType = 11 Yellow Locked Normal Door, Screen=089, DoorUnknown1=0x34, X=80, Y=183, Flags=0x80 (Bottom), DoorTiming=4, DoorUnknown2=0x06, ,,,
Background Item 317, Address = 0x6e45, GraphicType = 11 Yellow Locked Normal Door, Screen=093, DoorUnknown1=0x34, X=80, Y=31, Flags=0x00 (Top), DoorTiming=4, DoorUnknown2=0x56, ,,,
Background Item 318, Address = 0x6e4d, GraphicType = 2 Normal Door Frame, Screen=093, DoorUnknown1=0x34, X=80, Y=183, Flags=0x80 (Bottom), DoorTiming=4, DoorUnknown2=0x06, ,,,
Background Item 319, Address = 0x6e55, GraphicType = 2 Normal Door Frame, Screen=097, DoorUnknown1=0x34, X=80, Y=31, Flags=0x00 (Top), DoorTiming=4, DoorUnknown2=0x56, ,,,
Background Item 320, Address = 0x6e5d, GraphicType = 2 Normal Door Frame, Screen=097, DoorUnknown1=0x34, X=80, Y=183, Flags=0x80 (Bottom), DoorTiming=4, DoorUnknown2=0x06, ,,,
Background Item 321, Address = 0x6e65, GraphicType = 2 Normal Door Frame, Screen=101, DoorUnknown1=0x34, X=80, Y=31, Flags=0x00 (Top), DoorTiming=4, DoorUnknown2=0x56, ,,,
Background Item 322, Address = 0x6e6d, GraphicType = 10 Cyan Locked Normal Door, Screen=103, DoorUnknown1=0x34, X=80, Y=183, Flags=0x80 (Bottom), DoorTiming=4, DoorUnknown2=0x06, ,,,
Background Item 323, Address = 0x6e75, GraphicType = 10 Cyan Locked Normal Door, Screen=086, DoorUnknown1=0x34, X=80, Y=31, Flags=0x00 (Top), DoorTiming=4, DoorUnknown2=0x56, ,,,
Background Item 324, Address = 0x6e7d, GraphicType = 8 Red Locked Normal Door, Screen=104, DoorUnknown1=0x34, X=80, Y=183, Flags=0x80 (Bottom), DoorTiming=4, DoorUnknown2=0x06, ,,,
Background Item 325, Address = 0x6e85, GraphicType = 8 Red Locked Normal Door, Screen=089, DoorUnknown1=0x34, X=80, Y=31, Flags=0x00 (Top), DoorTiming=4, DoorUnknown2=0x56, ,,,
Background Item 326, Address = 0x6e8d, GraphicType = 11 Yellow Locked Normal Door, Screen=105, DoorUnknown1=0x34, X=160, Y=111, Flags=0x60 (Right), DoorTiming=183, DoorUnknown2=0x03, ,,,
Background Item 327, Address = 0x6e95, GraphicType = 11 Yellow Locked Normal Door, Screen=086, DoorUnknown1=0x34, X=8, Y=111, Flags=0xe0 (Left), DoorTiming=6, DoorUnknown2=0x03, ,,,
Background Item 328, Address = 0x6e9d, GraphicType = 9 Green Locked Normal Door, Screen=106, DoorUnknown1=0x34, X=160, Y=111, Flags=0x60 (Right), DoorTiming=183, DoorUnknown2=0x03, ,,,
Background Item 329, Address = 0x6ea5, GraphicType = 9 Green Locked Normal Door, Screen=098, DoorUnknown1=0x34, X=8, Y=111, Flags=0xe0 (Left), DoorTiming=6, DoorUnknown2=0x03, ,,,
Background Item 330, Address = 0x6ead, GraphicType = 11 Yellow Locked Normal Door, Screen=102, DoorUnknown1=0x34, X=48, Y=31, Flags=0x00 (Top), DoorTiming=4, DoorUnknown2=0x56, ,,,
Background Item 331, Address = 0x6eb5, GraphicType = 11 Yellow Locked Normal Door, Screen=091, DoorUnknown1=0x34, X=112, Y=183, Flags=0x80 (Bottom), DoorTiming=4, DoorUnknown2=0x06, ,,,
Background Item 332, Address = 0x6ebd, GraphicType = 11 Yellow Locked Normal Door, Screen=102, DoorUnknown1=0x34, X=112, Y=31, Flags=0x00 (Top), DoorTiming=4, DoorUnknown2=0x56, ,,,
Background Item 333, Address = 0x6ec5, GraphicType = 11 Yellow Locked Normal Door, Screen=092, DoorUnknown1=0x34, X=48, Y=183, Flags=0x80 (Bottom), DoorTiming=4, DoorUnknown2=0x06, ,,,
Background Item 334, Address = 0x6ecd, GraphicType = 11 Yellow Locked Normal Door, Screen=102, DoorUnknown1=0x34, X=48, Y=183, Flags=0x80 (Bottom), DoorTiming=4, DoorUnknown2=0x06, ,,,
Background Item 335, Address = 0x6ed5, GraphicType = 11 Yellow Locked Normal Door, Screen=095, DoorUnknown1=0x34, X=112, Y=31, Flags=0x00 (Top), DoorTiming=4, DoorUnknown2=0x56, ,,,
Background Item 336, Address = 0x6edd, GraphicType = 11 Yellow Locked Normal Door, Screen=102, DoorUnknown1=0x34, X=112, Y=183, Flags=0x80 (Bottom), DoorTiming=4, DoorUnknown2=0x06, ,,,
Background Item 337, Address = 0x6ee5, GraphicType = 11 Yellow Locked Normal Door, Screen=096, DoorUnknown1=0x34, X=48, Y=31, Flags=0x00 (Top), DoorTiming=4, DoorUnknown2=0x56, ,,,
Background Item 338, Address = 0x6eed, GraphicType = 2 Normal Door Frame, Screen=101, DoorUnknown1=0x34, X=160, Y=111, Flags=0x60 (Right), DoorTiming=183, DoorUnknown2=0x03, ,,,
Background Item 339, Address = 0x6ef5, GraphicType = 2 Normal Door Frame, Screen=027, DoorUnknown1=0x34, X=8, Y=111, Flags=0xe0 (Left), DoorTiming=6, DoorUnknown2=0x03, ,,,
Background Item 340, Address = 0x6efd, GraphicType = 1 Cave Dooor Frame, Screen=064, DoorUnknown1=0x34, X=80, Y=167, Flags=0x80 (Bottom), DoorTiming=4, DoorUnknown2=0x06, ,,,
Background Item 341, Address = 0x6f05, GraphicType = 1 Cave Dooor Frame, Screen=143, DoorUnknown1=0x34, X=80, Y=47, Flags=0x00 (Top), DoorTiming=4, DoorUnknown2=0x56, ,,,
Background Item 342, Address = 0x6f0d, GraphicType = 1 Cave Dooor Frame, Screen=084, DoorUnknown1=0x34, X=80, Y=167, Flags=0x80 (Bottom), DoorTiming=4, DoorUnknown2=0x06, ,,,
Background Item 343, Address = 0x6f15, GraphicType = 1 Cave Dooor Frame, Screen=144, DoorUnknown1=0x34, X=80, Y=47, Flags=0x00 (Top), DoorTiming=4, DoorUnknown2=0x56, ,,,
Background Item 344, Address = 0x6f1d, GraphicType = 1 Cave Dooor Frame, Screen=144, DoorUnknown1=0x34, X=80, Y=167, Flags=0x80 (Bottom), DoorTiming=4, DoorUnknown2=0x06, ,,,
Background Item 345, Address = 0x6f25, GraphicType = 1 Cave Dooor Frame, Screen=145, DoorUnknown1=0x34, X=80, Y=47, Flags=0x00 (Top), DoorTiming=4, DoorUnknown2=0x56, ,,,
Background Item 346, Address = 0x6f2d, GraphicType = 1 Cave Dooor Frame, Screen=145, DoorUnknown1=0x34, X=144, Y=111, Flags=0x60 (Right), DoorTiming=183, DoorUnknown2=0x03, ,,,
Background Item 347, Address = 0x6f35, GraphicType = 1 Cave Dooor Frame, Screen=146, DoorUnknown1=0x34, X=24, Y=111, Flags=0xe0 (Left), DoorTiming=6, DoorUnknown2=0x03, ,,,
Background Item 348, Address = 0x6f3d, GraphicType = 1 Cave Dooor Frame, Screen=146, DoorUnknown1=0x34, X=144, Y=111, Flags=0x60 (Right), DoorTiming=183, DoorUnknown2=0x03, ,,,
Background Item 349, Address = 0x6f45, GraphicType = 1 Cave Dooor Frame, Screen=147, DoorUnknown1=0x34, X=24, Y=111, Flags=0xe0 (Left), DoorTiming=6, DoorUnknown2=0x03, ,,,
Background Item 350, Address = 0x6f4d, GraphicType = 1 Cave Dooor Frame, Screen=147, DoorUnknown1=0x34, X=144, Y=111, Flags=0x60 (Right), DoorTiming=183, DoorUnknown2=0x03, ,,,
Background Item 351, Address = 0x6f55, GraphicType = 1 Cave Dooor Frame, Screen=148, DoorUnknown1=0x34, X=24, Y=111, Flags=0xe0 (Left), DoorTiming=6, DoorUnknown2=0x03, ,,,
Background Item 352, Address = 0x6f5d, GraphicType = 1 Cave Dooor Frame, Screen=058, DoorUnknown1=0x34, X=80, Y=47, Flags=0x00 (Top), DoorTiming=4, DoorUnknown2=0x56, ,,,
Background Item 353, Address = 0x6f65, GraphicType = 1 Cave Dooor Frame, Screen=148, DoorUnknown1=0x34, X=80, Y=167, Flags=0x80 (Bottom), DoorTiming=4, DoorUnknown2=0x06, ,,,
Background Item 354, Address = 0x6f6d, GraphicType = 25 Open Trap Door, Screen=115, DoorUnknown1=0x34, X=80, Y=112, Flags=0x03 (Top), DoorTiming=36, DoorUnknown2=0xe4, ,,,
Background Item 355, Address = 0x6f75, GraphicType = 27 Rug, Screen=116, DoorUnknown1=0x34, X=72, Y=116, Flags=0x03 (Top), DoorTiming=0, DoorUnknown2=0x00, ,,,
Background Item 356, Address = 0x6f7d, GraphicType = 25 Open Trap Door, Screen=003, DoorUnknown1=0x34, X=48, Y=112, Flags=0x03 (Top), DoorTiming=36, DoorUnknown2=0xe4, ,,,screen 3
Background Item 357, Address = 0x6f85, GraphicType = 27 Rug, Screen=101, DoorUnknown1=0x34, X=56, Y=116, Flags=0x03 (Top), DoorTiming=0, DoorUnknown2=0x00, ,,,
Background Item 358, Address = 0x6f8d, GraphicType = 25 Open Trap Door, Screen=097, DoorUnknown1=0x34, X=80, Y=112, Flags=0x03 (Top), DoorTiming=36, DoorUnknown2=0xe4, ,,,
Background Item 359, Address = 0x6f95, GraphicType = 27 Rug, Screen=075, DoorUnknown1=0x34, X=72, Y=116, Flags=0x03 (Top), DoorTiming=0, DoorUnknown2=0x00, ,,,
Background Item 360, Address = 0x6f9d, GraphicType = 25 Open Trap Door, Screen=045, DoorUnknown1=0x34, X=80, Y=144, Flags=0x03 (Top), DoorTiming=36, DoorUnknown2=0xe4, ,,,
Background Item 361, Address = 0x6fa5, GraphicType = 27 Rug, Screen=141, DoorUnknown1=0x34, X=72, Y=148, Flags=0x03 (Top), DoorTiming=0, DoorUnknown2=0x00, ,,,
Background Item 362, Address = 0x6fad, GraphicType = 25 Open Trap Door, Screen=118, DoorUnknown1=0x34, X=80, Y=112, Flags=0x03 (Top), DoorTiming=36, DoorUnknown2=0xe4, ,,,
Background Item 363, Address = 0x6fb5, GraphicType = 27 Rug, Screen=132, DoorUnknown1=0x34, X=72, Y=116, Flags=0x03 (Top), DoorTiming=0, DoorUnknown2=0x00, ,,,
Background Item 364, Address = 0x6fbd, GraphicType = 25 Open Trap Door, Screen=139, DoorUnknown1=0x34, X=80, Y=112, Flags=0x03 (Top), DoorTiming=36, DoorUnknown2=0xe4, ,,,
Background Item 365, Address = 0x6fc5, GraphicType = 27 Rug, Screen=108, DoorUnknown1=0x34, X=72, Y=116, Flags=0x03 (Top), DoorTiming=0, DoorUnknown2=0x00, ,,,
Background Item 366, Address = 0x6fcd, GraphicType = 25 Open Trap Door, Screen=141, DoorUnknown1=0x34, X=80, Y=80, Flags=0x03 (Top), DoorTiming=36, DoorUnknown2=0xe4, ,,,
Background Item 367, Address = 0x6fd5, GraphicType = 27 Rug, Screen=110, DoorUnknown1=0x34, X=72, Y=84, Flags=0x03 (Top), DoorTiming=0, DoorUnknown2=0x00, ,,,
Background Item 368, Address = 0x6fdd, GraphicType = 25 Open Trap Door, Screen=033, DoorUnknown1=0x34, X=112, Y=112, Flags=0x03 (Top), DoorTiming=36, DoorUnknown2=0xe4, ,,,screen 3
Background Item 369, Address = 0x6fe5, GraphicType = 27 Rug, Screen=003, DoorUnknown1=0x34, X=104, Y=116, Flags=0x03 (Top), DoorTiming=0, DoorUnknown2=0x00, ,,,
Background Item 370, Address = 0x6fed, GraphicType = 25 Open Trap Door, Screen=021, DoorUnknown1=0x34, X=80, Y=128, Flags=0x03 (Top), DoorTiming=36, DoorUnknown2=0xe4, ,,,
Background Item 371, Address = 0x6ff5, GraphicType = 27 Rug, Screen=102, DoorUnknown1=0x34, X=72, Y=116, Flags=0x03 (Top), DoorTiming=0, DoorUnknown2=0x00, ,,,
Background Item 372, Address = 0x6ffd, GraphicType = 25 Open Trap Door, Screen=120, DoorUnknown1=0x34, X=112, Y=112, Flags=0x03 (Top), DoorTiming=36, DoorUnknown2=0xe4, ,,,
Background Item 373, Address = 0x7005, GraphicType = 27 Rug, Screen=138, DoorUnknown1=0x34, X=104, Y=116, Flags=0x03 (Top), DoorTiming=0, DoorUnknown2=0x00, ,,,
Background Item 374, Address = 0x700d, GraphicType = 25 Open Trap Door, Screen=041, DoorUnknown1=0x34, X=80, Y=128, Flags=0x03 (Top), DoorTiming=36, DoorUnknown2=0xe4, ,,,
Background Item 375, Address = 0x7015, GraphicType = 27 Rug, Screen=009, DoorUnknown1=0x34, X=72, Y=116, Flags=0x03 (Top), DoorTiming=0, DoorUnknown2=0x00, ,,,
Background Item 376, Address = 0x701d, GraphicType = 17 Picture, Screen=011, DoorUnknown1=0x00, X=80, Y=151, Flags=0x81 (Bottom), DoorTiming=0, DoorUnknown2=0x00, ,,,
Background Item 377, Address = 0x7025, GraphicType = 17 Picture, Screen=012, DoorUnknown1=0x00, X=80, Y=151, Flags=0x81 (Bottom), DoorTiming=0, DoorUnknown2=0x00, ,,,
Background Item 378, Address = 0x702d, GraphicType = 39 Barrels, Screen=145, DoorUnknown1=0x00, X=80, Y=143, Flags=0x00 (Top), DoorTiming=0, DoorUnknown2=0x00, ,,,
Background Item 379, Address = 0x7035, GraphicType = 39 Barrels, Screen=061, DoorUnknown1=0x00, X=95, Y=95, Flags=0x00 (Top), DoorTiming=0, DoorUnknown2=0x00, ,,,
Background Item 380, Address = 0x703d, GraphicType = 30 Knight, Screen=031, DoorUnknown1=0x00, X=152, Y=103, Flags=0x60 (Right), DoorTiming=0, DoorUnknown2=0x00, ,,,
Background Item 381, Address = 0x7045, GraphicType = 30 Knight, Screen=033, DoorUnknown1=0x00, X=8, Y=103, Flags=0xe0 (Left), DoorTiming=0, DoorUnknown2=0x00, ,,,
Background Item 382, Address = 0x704d, GraphicType = 30 Knight, Screen=037, DoorUnknown1=0x00, X=152, Y=103, Flags=0x60 (Right), DoorTiming=0, DoorUnknown2=0x00, ,,,
Background Item 383, Address = 0x7055, GraphicType = 30 Knight, Screen=035, DoorUnknown1=0x00, X=8, Y=103, Flags=0xe0 (Left), DoorTiming=0, DoorUnknown2=0x00, ,,,
Background Item 384, Address = 0x705d, GraphicType = 30 Knight, Screen=000, DoorUnknown1=0x00, X=152, Y=63, Flags=0x60 (Right), DoorTiming=0, DoorUnknown2=0x00, ,,,
Background Item 385, Address = 0x7065, GraphicType = 30 Knight, Screen=006, DoorUnknown1=0x00, X=56, Y=71, Flags=0x00 (Top), DoorTiming=0, DoorUnknown2=0x00, ,,,
Background Item 386, Address = 0x706d, GraphicType = 30 Knight, Screen=000, DoorUnknown1=0x00, X=152, Y=143, Flags=0x60 (Right), DoorTiming=0, DoorUnknown2=0x00, ,,,
Background Item 387, Address = 0x7075, GraphicType = 30 Knight, Screen=006, DoorUnknown1=0x00, X=120, Y=71, Flags=0x00 (Top), DoorTiming=0, DoorUnknown2=0x00, ,,,
Background Item 388, Address = 0x707d, GraphicType = 30 Knight, Screen=001, DoorUnknown1=0x00, X=88, Y=39, Flags=0x00 (Top), DoorTiming=0, DoorUnknown2=0x00, ,,,screen 3
Background Item 389, Address = 0x7085, GraphicType = 30 Knight, Screen=003, DoorUnknown1=0x00, X=88, Y=39, Flags=0x00 (Top), DoorTiming=0, DoorUnknown2=0x00, ,,,
Background Item 390, Address = 0x708d, GraphicType = 30 Knight, Screen=005, DoorUnknown1=0x00, X=88, Y=183, Flags=0x80 (Bottom), DoorTiming=0, DoorUnknown2=0x00, ,,,
Background Item 391, Address = 0x7095, GraphicType = 30 Knight, Screen=007, DoorUnknown1=0x00, X=88, Y=183, Flags=0x80 (Bottom), DoorTiming=0, DoorUnknown2=0x00, ,,,
Background Item 392, Address = 0x709d, GraphicType = 30 Knight, Screen=023, DoorUnknown1=0x00, X=88, Y=39, Flags=0x00 (Top), DoorTiming=0, DoorUnknown2=0x00, ,,,
Background Item 393, Address = 0x70a5, GraphicType = 30 Knight, Screen=021, DoorUnknown1=0x00, X=120, Y=151, Flags=0x80 (Bottom), DoorTiming=0, DoorUnknown2=0x00, ,,,
Background Item 394, Address = 0x70ad, GraphicType = 30 Knight, Screen=021, DoorUnknown1=0x00, X=56, Y=151, Flags=0x80 (Bottom), DoorTiming=0, DoorUnknown2=0x00, ,,,
Background Item 395, Address = 0x70b5, GraphicType = 30 Knight, Screen=019, DoorUnknown1=0x00, X=88, Y=39, Flags=0x00 (Top), DoorTiming=0, DoorUnknown2=0x00, ,,,
Background Item 396, Address = 0x70bd, GraphicType = 30 Knight, Screen=136, DoorUnknown1=0x00, X=8, Y=63, Flags=0xe0 (Left), DoorTiming=0, DoorUnknown2=0x00, ,,,
Background Item 397, Address = 0x70c5, GraphicType = 30 Knight, Screen=138, DoorUnknown1=0x00, X=8, Y=71, Flags=0xe0 (Left), DoorTiming=0, DoorUnknown2=0x00, ,,,
Background Item 398, Address = 0x70cd, GraphicType = 30 Knight, Screen=136, DoorUnknown1=0x00, X=8, Y=143, Flags=0xe0 (Left), DoorTiming=0, DoorUnknown2=0x00, ,,,
Background Item 399, Address = 0x70d5, GraphicType = 30 Knight, Screen=138, DoorUnknown1=0x00, X=8, Y=135, Flags=0xe0 (Left), DoorTiming=0, DoorUnknown2=0x00, ,,,
Background Item 400, Address = 0x70dd, GraphicType = 30 Knight, Screen=039, DoorUnknown1=0x00, X=56, Y=39, Flags=0x00 (Top), DoorTiming=0, DoorUnknown2=0x00, ,,,
Background Item 401, Address = 0x70e5, GraphicType = 30 Knight, Screen=043, DoorUnknown1=0x00, X=56, Y=39, Flags=0x00 (Top), DoorTiming=0, DoorUnknown2=0x00, ,,,
Background Item 402, Address = 0x70ed, GraphicType = 30 Knight, Screen=039, DoorUnknown1=0x00, X=120, Y=39, Flags=0x00 (Top), DoorTiming=0, DoorUnknown2=0x00, ,,,
Background Item 403, Address = 0x70f5, GraphicType = 30 Knight, Screen=043, DoorUnknown1=0x00, X=120, Y=39, Flags=0x00 (Top), DoorTiming=0, DoorUnknown2=0x00, ,,,
Background Item 404, Address = 0x70fd, GraphicType = 30 Knight, Screen=086, DoorUnknown1=0x00, X=56, Y=39, Flags=0x00 (Top), DoorTiming=0, DoorUnknown2=0x00, ,,,
Background Item 405, Address = 0x7105, GraphicType = 30 Knight, Screen=036, DoorUnknown1=0x00, X=56, Y=71, Flags=0x00 (Top), DoorTiming=0, DoorUnknown2=0x00, ,,,
Background Item 406, Address = 0x710d, GraphicType = 30 Knight, Screen=086, DoorUnknown1=0x00, X=120, Y=39, Flags=0x00 (Top), DoorTiming=0, DoorUnknown2=0x00, ,,,
Background Item 407, Address = 0x7115, GraphicType = 30 Knight, Screen=036, DoorUnknown1=0x00, X=120, Y=71, Flags=0x00 (Top), DoorTiming=0, DoorUnknown2=0x00, ,,,
Background Item 408, Address = 0x711d, GraphicType = 30 Knight, Screen=124, DoorUnknown1=0x00, X=56, Y=39, Flags=0x00 (Top), DoorTiming=0, DoorUnknown2=0x00, ,,,
Background Item 409, Address = 0x7125, GraphicType = 30 Knight, Screen=122, DoorUnknown1=0x00, X=56, Y=39, Flags=0x00 (Top), DoorTiming=0, DoorUnknown2=0x00, ,,,
Background Item 410, Address = 0x712d, GraphicType = 30 Knight, Screen=124, DoorUnknown1=0x00, X=120, Y=39, Flags=0x00 (Top), DoorTiming=0, DoorUnknown2=0x00, ,,,
Background Item 411, Address = 0x7135, GraphicType = 30 Knight, Screen=122, DoorUnknown1=0x00, X=120, Y=39, Flags=0x00 (Top), DoorTiming=0, DoorUnknown2=0x00, ,,,
Background Item 412, Address = 0x713d, GraphicType = 30 Knight, Screen=009, DoorUnknown1=0x00, X=8, Y=63, Flags=0xe0 (Left), DoorTiming=0, DoorUnknown2=0x00, ,,,
Background Item 413, Address = 0x7145, GraphicType = 30 Knight, Screen=127, DoorUnknown1=0x00, X=56, Y=183, Flags=0x80 (Bottom), DoorTiming=0, DoorUnknown2=0x00, ,,,
Background Item 414, Address = 0x714d, GraphicType = 30 Knight, Screen=009, DoorUnknown1=0x00, X=8, Y=143, Flags=0xe0 (Left), DoorTiming=0, DoorUnknown2=0x00, ,,,
Background Item 415, Address = 0x7155, GraphicType = 30 Knight, Screen=127, DoorUnknown1=0x00, X=120, Y=183, Flags=0x80 (Bottom), DoorTiming=0, DoorUnknown2=0x00, ,,,
Background Item 416, Address = 0x715d, GraphicType = 18 Table, Screen=013, DoorUnknown1=0x00, X=56, Y=80, Flags=0x04 (Top), DoorTiming=204, DoorUnknown2=0x49, ,,,
Background Item 417, Address = 0x7165, GraphicType = 18 Table, Screen=019, DoorUnknown1=0x00, X=112, Y=144, Flags=0x04 (Top), DoorTiming=204, DoorUnknown2=0x49, ,,,
Background Item 418, Address = 0x716d, GraphicType = 18 Table, Screen=099, DoorUnknown1=0x00, X=56, Y=80, Flags=0x04 (Top), DoorTiming=204, DoorUnknown2=0x49, ,,,
Background Item 419, Address = 0x7175, GraphicType = 18 Table, Screen=093, DoorUnknown1=0x00, X=112, Y=80, Flags=0x04 (Top), DoorTiming=204, DoorUnknown2=0x49, ,,,
Background Item 420, Address = 0x717d, GraphicType = 18 Table, Screen=024, DoorUnknown1=0x00, X=72, Y=80, Flags=0x04 (Top), DoorTiming=204, DoorUnknown2=0x49, ,,,
Background Item 421, Address = 0x7185, GraphicType = 18 Table, Screen=136, DoorUnknown1=0x00, X=112, Y=80, Flags=0x04 (Top), DoorTiming=204, DoorUnknown2=0x49, ,,,
Background Item 422, Address = 0x718d, GraphicType = 18 Table, Screen=122, DoorUnknown1=0x00, X=56, Y=80, Flags=0x04 (Top), DoorTiming=204, DoorUnknown2=0x49, ,,,
Background Item 423, Address = 0x7195, GraphicType = 18 Table, Screen=129, DoorUnknown1=0x00, X=112, Y=80, Flags=0x04 (Top), DoorTiming=204, DoorUnknown2=0x49, ,,,
Background Item 424, Address = 0x719d, GraphicType = 18 Table, Screen=024, DoorUnknown1=0x00, X=88, Y=128, Flags=0x04 (Top), DoorTiming=204, DoorUnknown2=0x49, ,,,
Background Item 425, Address = 0x71a5, GraphicType = 18 Table, Screen=109, DoorUnknown1=0x00, X=48, Y=144, Flags=0x04 (Top), DoorTiming=204, DoorUnknown2=0x49, ,,,
Background Item 426, Address = 0x71ad, GraphicType = 18 Table, Screen=091, DoorUnknown1=0x00, X=56, Y=80, Flags=0x04 (Top), DoorTiming=204, DoorUnknown2=0x49, ,,,
Background Item 427, Address = 0x71b5, GraphicType = 18 Table, Screen=092, DoorUnknown1=0x00, X=112, Y=80, Flags=0x04 (Top), DoorTiming=204, DoorUnknown2=0x49, ,,,
Background Item 428, Address = 0x71bd, GraphicType = 18 Table, Screen=106, DoorUnknown1=0x00, X=120, Y=152, Flags=0x04 (Top), DoorTiming=204, DoorUnknown2=0x49, ,,,
Background Item 429, Address = 0x71c5, GraphicType = 18 Table, Screen=027, DoorUnknown1=0x00, X=112, Y=80, Flags=0x04 (Top), DoorTiming=204, DoorUnknown2=0x49, ,,,
Background Item 430, Address = 0x71cd, GraphicType = 18 Table, Screen=046, DoorUnknown1=0x00, X=56, Y=87, Flags=0x04 (Top), DoorTiming=204, DoorUnknown2=0x49, ,,,
Background Item 431, Address = 0x71d5, GraphicType = 18 Table, Screen=125, DoorUnknown1=0x00, X=72, Y=80, Flags=0x04 (Top), DoorTiming=204, DoorUnknown2=0x49, ,,,
Background Item 432, Address = 0x71dd, GraphicType = 18 Table, Screen=046, DoorUnknown1=0x00, X=96, Y=127, Flags=0x04 (Top), DoorTiming=204, DoorUnknown2=0x49, ,,,
Background Item 433, Address = 0x71e5, GraphicType = 18 Table, Screen=125, DoorUnknown1=0x00, X=88, Y=128, Flags=0x04 (Top), DoorTiming=204, DoorUnknown2=0x49, ,,,
Background Item 434, Address = 0x71ed, GraphicType = 18 Table, Screen=042, DoorUnknown1=0x00, X=56, Y=87, Flags=0x04 (Top), DoorTiming=204, DoorUnknown2=0x49, ,,,
Background Item 435, Address = 0x71f5, GraphicType = 18 Table, Screen=045, DoorUnknown1=0x00, X=48, Y=128, Flags=0x04 (Top), DoorTiming=204, DoorUnknown2=0x49, ,,,
Background Item 436, Address = 0x71fd, GraphicType = 18 Table, Screen=042, DoorUnknown1=0x00, X=96, Y=127, Flags=0x04 (Top), DoorTiming=204, DoorUnknown2=0x49, ,,,
Background Item 437, Address = 0x7205, GraphicType = 18 Table, Screen=045, DoorUnknown1=0x00, X=112, Y=128, Flags=0x04 (Top), DoorTiming=204, DoorUnknown2=0x49, ,,,
Background Item 438, Address = 0x720d, GraphicType = 28 Acg Shield, Screen=141, DoorUnknown1=0x00, X=40, Y=103, Flags=0xe0 (Left), DoorTiming=0, DoorUnknown2=0x00, ,,,
Background Item 439, Address = 0x7215, GraphicType = 29 Shield, Screen=140, DoorUnknown1=0x00, X=40, Y=103, Flags=0xe0 (Left), DoorTiming=0, DoorUnknown2=0x00, ,,,
Background Item 440, Address = 0x721d, GraphicType = 21 Antler Trophy, Screen=139, DoorUnknown1=0x00, X=136, Y=111, Flags=0x40 (Right), DoorTiming=0, DoorUnknown2=0x00, ,,,
Background Item 441, Address = 0x7225, GraphicType = 22 Trophy, Screen=140, DoorUnknown1=0x00, X=136, Y=103, Flags=0x40 (Right), DoorTiming=0, DoorUnknown2=0x00, ,,,
Background Item 442, Address = 0x722d, GraphicType = 28 Acg Shield, Screen=022, DoorUnknown1=0x00, X=88, Y=55, Flags=0x00 (Top), DoorTiming=0, DoorUnknown2=0x00, ,,,
Background Item 443, Address = 0x7235, GraphicType = 29 Shield, Screen=020, DoorUnknown1=0x00, X=88, Y=151, Flags=0x80 (Bottom), DoorTiming=0, DoorUnknown2=0x00, ,,,
Background Item 444, Address = 0x723d, GraphicType = 21 Antler Trophy, Screen=014, DoorUnknown1=0x00, X=40, Y=87, Flags=0xe0 (Left), DoorTiming=0, DoorUnknown2=0x00, ,,,
Background Item 445, Address = 0x7245, GraphicType = 22 Trophy, Screen=018, DoorUnknown1=0x00, X=136, Y=111, Flags=0x40 (Right), DoorTiming=0, DoorUnknown2=0x00, ,,,
Background Item 446, Address = 0x724d, GraphicType = 28 Acg Shield, Screen=015, DoorUnknown1=0x00, X=40, Y=103, Flags=0xe0 (Left), DoorTiming=0, DoorUnknown2=0x00, ,,,
Background Item 447, Address = 0x7255, GraphicType = 29 Shield, Screen=017, DoorUnknown1=0x00, X=40, Y=103, Flags=0xe0 (Left), DoorTiming=0, DoorUnknown2=0x00, ,,,
Background Item 448, Address = 0x725d, GraphicType = 21 Antler Trophy, Screen=016, DoorUnknown1=0x00, X=136, Y=111, Flags=0x40 (Right), DoorTiming=0, DoorUnknown2=0x00, ,,,
Background Item 449, Address = 0x7265, GraphicType = 22 Trophy, Screen=115, DoorUnknown1=0x00, X=88, Y=151, Flags=0x80 (Bottom), DoorTiming=0, DoorUnknown2=0x00, ,,,
Background Item 450, Address = 0x726d, GraphicType = 28 Acg Shield, Screen=008, DoorUnknown1=0x00, X=136, Y=103, Flags=0x40 (Right), DoorTiming=0, DoorUnknown2=0x00, ,,,
Background Item 451, Address = 0x7275, GraphicType = 29 Shield, Screen=024, DoorUnknown1=0x00, X=136, Y=103, Flags=0x40 (Right), DoorTiming=0, DoorUnknown2=0x00, ,,,
Background Item 452, Address = 0x727d, GraphicType = 21 Antler Trophy, Screen=111, DoorUnknown1=0x00, X=40, Y=103, Flags=0xe0 (Left), DoorTiming=0, DoorUnknown2=0x00, ,,,
Background Item 453, Address = 0x7285, GraphicType = 22 Trophy, Screen=014, DoorUnknown1=0x00, X=40, Y=119, Flags=0xe0 (Left), DoorTiming=0, DoorUnknown2=0x00, ,,,
Background Item 454, Address = 0x728d, GraphicType = 37 Picture, Screen=000, DoorUnknown1=0x00, X=40, Y=23, Flags=0x00 (Top), DoorTiming=0, DoorUnknown2=0x00, ,,,
Background Item 455, Address = 0x7295, GraphicType = 29 Shield, Screen=025, DoorUnknown1=0x00, X=88, Y=55, Flags=0x00 (Top), DoorTiming=0, DoorUnknown2=0x00, ,,,
Background Item 456, Address = 0x729d, GraphicType = 17 Picture, Screen=000, DoorUnknown1=0x00, X=120, Y=28, Flags=0x00 (Top), DoorTiming=0, DoorUnknown2=0x00, ,,,
Background Item 457, Address = 0x72a5, GraphicType = 22 Trophy, Screen=011, DoorUnknown1=0x00, X=88, Y=55, Flags=0x00 (Top), DoorTiming=0, DoorUnknown2=0x00, ,,,
Background Item 458, Address = 0x72ad, GraphicType = 28 Acg Shield, Screen=000, DoorUnknown1=0x00, X=56, Y=183, Flags=0x80 (Bottom), DoorTiming=0, DoorUnknown2=0x00, ,,,
Background Item 459, Address = 0x72b5, GraphicType = 29 Shield, Screen=025, DoorUnknown1=0x00, X=88, Y=151, Flags=0x80 (Bottom), DoorTiming=0, DoorUnknown2=0x00, ,,,
Background Item 460, Address = 0x72bd, GraphicType = 21 Antler Trophy, Screen=000, DoorUnknown1=0x00, X=120, Y=183, Flags=0x80 (Bottom), DoorTiming=0, DoorUnknown2=0x00, ,,,
Background Item 461, Address = 0x72c5, GraphicType = 22 Trophy, Screen=011, DoorUnknown1=0x00, X=88, Y=151, Flags=0x81 (Bottom), DoorTiming=0, DoorUnknown2=0x00, ,,,
Background Item 462, Address = 0x72cd, GraphicType = 17 Picture, Screen=004, DoorUnknown1=0x00, X=40, Y=71, Flags=0xe1 (Left), DoorTiming=0, DoorUnknown2=0x00, ,,,
Background Item 463, Address = 0x72d5, GraphicType = 21 Antler Trophy, Screen=021, DoorUnknown1=0x00, X=88, Y=55, Flags=0x00 (Top), DoorTiming=0, DoorUnknown2=0x00, ,,,
Background Item 464, Address = 0x72dd, GraphicType = 22 Trophy, Screen=004, DoorUnknown1=0x00, X=40, Y=135, Flags=0xe0 (Left), DoorTiming=0, DoorUnknown2=0x00, ,,,
Background Item 465, Address = 0x72e5, GraphicType = 37 Picture, Screen=020, DoorUnknown1=0x00, X=88, Y=55, Flags=0x00 (Top), DoorTiming=0, DoorUnknown2=0x00, ,,,
Background Item 466, Address = 0x72ed, GraphicType = 17 Picture, Screen=115, DoorUnknown1=0x00, X=88, Y=60, Flags=0x00 (Top), DoorTiming=0, DoorUnknown2=0x00, ,,,
Background Item 467, Address = 0x72f5, GraphicType = 22 Trophy, Screen=110, DoorUnknown1=0x00, X=88, Y=183, Flags=0x80 (Bottom), DoorTiming=0, DoorUnknown2=0x00, ,,,
Background Item 468, Address = 0x72fd, GraphicType = 28 Acg Shield, Screen=109, DoorUnknown1=0x00, X=88, Y=183, Flags=0x80 (Bottom), DoorTiming=0, DoorUnknown2=0x00, ,,,
Background Item 469, Address = 0x7305, GraphicType = 37 Picture, Screen=014, DoorUnknown1=0x00, X=136, Y=111, Flags=0x40 (Right), DoorTiming=0, DoorUnknown2=0x00, ,,,
Background Item 470, Address = 0x730d, GraphicType = 37 Picture, Screen=007, DoorUnknown1=0x00, X=168, Y=111, Flags=0x40 (Right), DoorTiming=0, DoorUnknown2=0x00, ,,,
Background Item 471, Address = 0x7315, GraphicType = 28 Acg Shield, Screen=006, DoorUnknown1=0x00, X=56, Y=151, Flags=0x80 (Bottom), DoorTiming=0, DoorUnknown2=0x00, ,,,
Background Item 472, Address = 0x731d, GraphicType = 28 Acg Shield, Screen=006, DoorUnknown1=0x00, X=120, Y=151, Flags=0x80 (Bottom), DoorTiming=0, DoorUnknown2=0x00, ,,,
Background Item 473, Address = 0x7325, GraphicType = 29 Shield, Screen=001, DoorUnknown1=0x00, X=168, Y=103, Flags=0x40 (Right), DoorTiming=0, DoorUnknown2=0x00, ,,,
Background Item 474, Address = 0x732d, GraphicType = 17 Picture, Screen=024, DoorUnknown1=0x00, X=40, Y=111, Flags=0xe1 (Left), DoorTiming=0, DoorUnknown2=0x00, ,,,
Background Item 475, Address = 0x7335, GraphicType = 29 Shield, Screen=023, DoorUnknown1=0x00, X=168, Y=103, Flags=0x40 (Right), DoorTiming=0, DoorUnknown2=0x00, ,,,
Background Item 476, Address = 0x733d, GraphicType = 21 Antler Trophy, Screen=135, DoorUnknown1=0x00, X=56, Y=23, Flags=0x00 (Top), DoorTiming=0, DoorUnknown2=0x00, ,,,
Background Item 477, Address = 0x7345, GraphicType = 22 Trophy, Screen=137, DoorUnknown1=0x00, X=56, Y=183, Flags=0x80 (Bottom), DoorTiming=0, DoorUnknown2=0x00, ,,,
Background Item 478, Address = 0x734d, GraphicType = 22 Trophy, Screen=135, DoorUnknown1=0x00, X=120, Y=23, Flags=0x00 (Top), DoorTiming=0, DoorUnknown2=0x00, ,,,
Background Item 479, Address = 0x7355, GraphicType = 21 Antler Trophy, Screen=137, DoorUnknown1=0x00, X=120, Y=183, Flags=0x80 (Bottom), DoorTiming=0, DoorUnknown2=0x00, ,,,
Background Item 480, Address = 0x735d, GraphicType = 29 Shield, Screen=000, DoorUnknown1=0x00, X=8, Y=71, Flags=0xe0 (Left), DoorTiming=0, DoorUnknown2=0x00, ,,,
Background Item 481, Address = 0x7365, GraphicType = 22 Trophy, Screen=130, DoorUnknown1=0x00, X=56, Y=183, Flags=0x80 (Bottom), DoorTiming=0, DoorUnknown2=0x00, ,,,
Background Item 482, Address = 0x736d, GraphicType = 22 Trophy, Screen=000, DoorUnknown1=0x00, X=8, Y=135, Flags=0xe0 (Left), DoorTiming=0, DoorUnknown2=0x00, ,,,
Background Item 483, Address = 0x7375, GraphicType = 21 Antler Trophy, Screen=130, DoorUnknown1=0x00, X=120, Y=183, Flags=0x80 (Bottom), DoorTiming=0, DoorUnknown2=0x00, ,,,
Background Item 484, Address = 0x737d, GraphicType = 17 Picture, Screen=102, DoorUnknown1=0x00, X=160, Y=71, Flags=0x61 (Right), DoorTiming=0, DoorUnknown2=0x00, ,,,
Background Item 485, Address = 0x7385, GraphicType = 29 Shield, Screen=097, DoorUnknown1=0x00, X=168, Y=111, Flags=0x60 (Right), DoorTiming=0, DoorUnknown2=0x00, ,,,
Background Item 486, Address = 0x738d, GraphicType = 21 Antler Trophy, Screen=102, DoorUnknown1=0x00, X=168, Y=135, Flags=0x60 (Right), DoorTiming=0, DoorUnknown2=0x00, ,,,
Background Item 487, Address = 0x7395, GraphicType = 37 Picture, Screen=093, DoorUnknown1=0x00, X=168, Y=111, Flags=0x60 (Right), DoorTiming=0, DoorUnknown2=0x00, ,,,
Background Item 488, Address = 0x739d, GraphicType = 22 Trophy, Screen=102, DoorUnknown1=0x00, X=8, Y=71, Flags=0xe0 (Left), DoorTiming=0, DoorUnknown2=0x00, ,,,
Background Item 489, Address = 0x73a5, GraphicType = 29 Shield, Screen=101, DoorUnknown1=0x00, X=88, Y=183, Flags=0x80 (Bottom), DoorTiming=0, DoorUnknown2=0x00, ,,,
Background Item 490, Address = 0x73ad, GraphicType = 28 Acg Shield, Screen=102, DoorUnknown1=0x00, X=8, Y=135, Flags=0xe0 (Left), DoorTiming=0, DoorUnknown2=0x00, ,,,
Background Item 491, Address = 0x73b5, GraphicType = 22 Trophy, Screen=100, DoorUnknown1=0x00, X=88, Y=183, Flags=0x80 (Bottom), DoorTiming=0, DoorUnknown2=0x00, ,,,
Background Item 492, Address = 0x73bd, GraphicType = 17 Picture, Screen=099, DoorUnknown1=0x00, X=88, Y=183, Flags=0x81 (Bottom), DoorTiming=0, DoorUnknown2=0x00, ,,,
Background Item 493, Address = 0x73c5, GraphicType = 21 Antler Trophy, Screen=098, DoorUnknown1=0x00, X=80, Y=183, Flags=0x80 (Bottom), DoorTiming=0, DoorUnknown2=0x00, ,,,
Background Item 494, Address = 0x73cd, GraphicType = 22 Trophy, Screen=112, DoorUnknown1=0x00, X=56, Y=183, Flags=0x80 (Bottom), DoorTiming=0, DoorUnknown2=0x00, ,,,
Background Item 495, Address = 0x73d5, GraphicType = 21 Antler Trophy, Screen=013, DoorUnknown1=0x00, X=8, Y=111, Flags=0xe0 (Left), DoorTiming=0, DoorUnknown2=0x00, ,,,
Background Item 496, Address = 0x73dd, GraphicType = 29 Shield, Screen=112, DoorUnknown1=0x00, X=120, Y=183, Flags=0x80 (Bottom), DoorTiming=0, DoorUnknown2=0x00, ,,,
Background Item 497, Address = 0x73e5, GraphicType = 22 Trophy, Screen=012, DoorUnknown1=0x00, X=88, Y=55, Flags=0x00 (Top), DoorTiming=0, DoorUnknown2=0x00, ,,,
Background Item 498, Address = 0x73ed, GraphicType = 22 Trophy, Screen=009, DoorUnknown1=0x00, X=168, Y=71, Flags=0x40 (Right), DoorTiming=0, DoorUnknown2=0x00, ,,,
Background Item 499, Address = 0x73f5, GraphicType = 21 Antler Trophy, Screen=127, DoorUnknown1=0x00, X=8, Y=96, Flags=0xe0 (Left), DoorTiming=0, DoorUnknown2=0x00, ,,,
Background Item 500, Address = 0x73fd, GraphicType = 17 Picture, Screen=009, DoorUnknown1=0x00, X=160, Y=135, Flags=0x41 (Right), DoorTiming=0, DoorUnknown2=0x00, ,,,
Background Item 501, Address = 0x7405, GraphicType = 29 Shield, Screen=127, DoorUnknown1=0x00, X=88, Y=23, Flags=0x00 (Top), DoorTiming=0, DoorUnknown2=0x00, ,,,
Background Item 502, Address = 0x740d, GraphicType = 21 Antler Trophy, Screen=090, DoorUnknown1=0x00, X=8, Y=71, Flags=0xe0 (Left), DoorTiming=0, DoorUnknown2=0x00, ,,,
Background Item 503, Address = 0x7415, GraphicType = 37 Picture, Screen=039, DoorUnknown1=0x00, X=168, Y=71, Flags=0x60 (Right), DoorTiming=0, DoorUnknown2=0x00, ,,,
Background Item 504, Address = 0x741d, GraphicType = 22 Trophy, Screen=090, DoorUnknown1=0x00, X=8, Y=135, Flags=0xe0 (Left), DoorTiming=0, DoorUnknown2=0x00, ,,,
Background Item 505, Address = 0x7425, GraphicType = 29 Shield, Screen=039, DoorUnknown1=0x00, X=168, Y=135, Flags=0x60 (Right), DoorTiming=0, DoorUnknown2=0x00, ,,,
Background Item 506, Address = 0x742d, GraphicType = 28 Acg Shield, Screen=041, DoorUnknown1=0x00, X=168, Y=71, Flags=0x60 (Right), DoorTiming=0, DoorUnknown2=0x00, ,,,
Background Item 507, Address = 0x7435, GraphicType = 22 Trophy, Screen=126, DoorUnknown1=0x00, X=168, Y=96, Flags=0x60 (Right), DoorTiming=0, DoorUnknown2=0x00, ,,,
Background Item 508, Address = 0x743d, GraphicType = 17 Picture, Screen=041, DoorUnknown1=0x00, X=160, Y=135, Flags=0x61 (Right), DoorTiming=0, DoorUnknown2=0x00, ,,,
Background Item 509, Address = 0x7445, GraphicType = 21 Antler Trophy, Screen=126, DoorUnknown1=0x00, X=88, Y=183, Flags=0x80 (Bottom), DoorTiming=0, DoorUnknown2=0x00, ,,,
Background Item 510, Address = 0x744d, GraphicType = 16 Clock, Screen=013, DoorUnknown1=0x34, X=48, Y=39, Flags=0x01 (Top), DoorTiming=4, DoorUnknown2=0x56, ,,,
Background Item 511, Address = 0x7455, GraphicType = 16 Clock, Screen=019, DoorUnknown1=0x34, X=48, Y=183, Flags=0x81 (Bottom), DoorTiming=4, DoorUnknown2=0x06, ,,,
Background Item 512, Address = 0x745d, GraphicType = 16 Clock, Screen=009, DoorUnknown1=0x34, X=48, Y=39, Flags=0x01 (Top), DoorTiming=4, DoorUnknown2=0x56, ,,,
Background Item 513, Address = 0x7465, GraphicType = 16 Clock, Screen=023, DoorUnknown1=0x34, X=48, Y=183, Flags=0x81 (Bottom), DoorTiming=4, DoorUnknown2=0x06, ,,,
Background Item 514, Address = 0x746d, GraphicType = 16 Clock, Screen=053, DoorUnknown1=0x34, X=136, Y=111, Flags=0x61 (Right), DoorTiming=183, DoorUnknown2=0x03, ,,,
Background Item 515, Address = 0x7475, GraphicType = 16 Clock, Screen=143, DoorUnknown1=0x34, X=24, Y=111, Flags=0xe1 (Left), DoorTiming=6, DoorUnknown2=0x03, ,,,
Background Item 516, Address = 0x747d, GraphicType = 16 Clock, Screen=103, DoorUnknown1=0x34, X=152, Y=111, Flags=0x61 (Right), DoorTiming=183, DoorUnknown2=0x03, ,,,
Background Item 517, Address = 0x7485, GraphicType = 16 Clock, Screen=104, DoorUnknown1=0x34, X=8, Y=111, Flags=0xe1 (Left), DoorTiming=6, DoorUnknown2=0x03, ,,,
Background Item 518, Address = 0x748d, GraphicType = 16 Clock, Screen=141, DoorUnknown1=0x34, X=120, Y=79, Flags=0x61 (Right), DoorTiming=183, DoorUnknown2=0x03, ,,,
Background Item 519, Address = 0x7495, GraphicType = 16 Clock, Screen=034, DoorUnknown1=0x34, X=40, Y=111, Flags=0xe1 (Left), DoorTiming=6, DoorUnknown2=0x03, ,,,
Background Item 520, Address = 0x749d, GraphicType = 16 Clock, Screen=118, DoorUnknown1=0x34, X=48, Y=39, Flags=0x01 (Top), DoorTiming=4, DoorUnknown2=0x56, ,,,
Background Item 521, Address = 0x74a5, GraphicType = 16 Clock, Screen=117, DoorUnknown1=0x34, X=48, Y=183, Flags=0x81 (Bottom), DoorTiming=4, DoorUnknown2=0x06, ,,,
Background Item 522, Address = 0x74ad, GraphicType = 23 Bookcase, Screen=010, DoorUnknown1=0x34, X=64, Y=71, Flags=0x00 (Top), DoorTiming=4, DoorUnknown2=0x56, ,,,
Background Item 523, Address = 0x74b5, GraphicType = 23 Bookcase, Screen=022, DoorUnknown1=0x34, X=64, Y=151, Flags=0x80 (Bottom), DoorTiming=4, DoorUnknown2=0x06, ,,,
Background Item 524, Address = 0x74bd, GraphicType = 23 Bookcase, Screen=061, DoorUnknown1=0x34, X=72, Y=55, Flags=0x00 (Top), DoorTiming=4, DoorUnknown2=0x56, ,,,
Background Item 525, Address = 0x74c5, GraphicType = 23 Bookcase, Screen=073, DoorUnknown1=0x34, X=80, Y=175, Flags=0x80 (Bottom), DoorTiming=4, DoorUnknown2=0x06, ,,,
Background Item 526, Address = 0x74cd, GraphicType = 23 Bookcase, Screen=105, DoorUnknown1=0x34, X=64, Y=183, Flags=0x80 (Bottom), DoorTiming=4, DoorUnknown2=0x06, ,,,
Background Item 527, Address = 0x74d5, GraphicType = 23 Bookcase, Screen=106, DoorUnknown1=0x34, X=64, Y=39, Flags=0x00 (Top), DoorTiming=4, DoorUnknown2=0x56, ,,,
Background Item 528, Address = 0x74dd, GraphicType = 23 Bookcase, Screen=108, DoorUnknown1=0x34, X=64, Y=183, Flags=0x80 (Bottom), DoorTiming=4, DoorUnknown2=0x06, ,,,
Background Item 529, Address = 0x74e5, GraphicType = 23 Bookcase, Screen=110, DoorUnknown1=0x34, X=64, Y=39, Flags=0x00 (Top), DoorTiming=4, DoorUnknown2=0x56, ,,,
Background Item 530, Address = 0x74ed, GraphicType = 23 Bookcase, Screen=062, DoorUnknown1=0x34, X=136, Y=119, Flags=0x60 (Right), DoorTiming=183, DoorUnknown2=0x03, ,,,
Background Item 531, Address = 0x74f5, GraphicType = 23 Bookcase, Screen=065, DoorUnknown1=0x34, X=72, Y=167, Flags=0x80 (Bottom), DoorTiming=4, DoorUnknown2=0x06, ,,,
Background Item 532, Address = 0x74fd, GraphicType = 26 Barrel, Screen=069, DoorUnknown1=0x34, X=80, Y=55, Flags=0x00 (Top), DoorTiming=4, DoorUnknown2=0x56, ,,,
Background Item 533, Address = 0x7505, GraphicType = 26 Barrel, Screen=083, DoorUnknown1=0x34, X=80, Y=164, Flags=0xa0 (Bottom), DoorTiming=4, DoorUnknown2=0x06, ,,,
Background Item 534, Address = 0x750d, GraphicType = 26 Barrel, Screen=076, DoorUnknown1=0x34, X=136, Y=111, Flags=0x40 (Right), DoorTiming=183, DoorUnknown2=0x03, ,,,
Background Item 535, Address = 0x7515, GraphicType = 26 Barrel, Screen=078, DoorUnknown1=0x34, X=24, Y=111, Flags=0xe0 (Left), DoorTiming=6, DoorUnknown2=0x03, ,,,
Background Item 536, Address = 0x751d, GraphicType = 26 Barrel, Screen=056, DoorUnknown1=0x34, X=80, Y=55, Flags=0x00 (Top), DoorTiming=4, DoorUnknown2=0x56, ,,,
Background Item 537, Address = 0x7525, GraphicType = 26 Barrel, Screen=075, DoorUnknown1=0x34, X=80, Y=167, Flags=0xa0 (Bottom), DoorTiming=4, DoorUnknown2=0x06, ,,,
Background Item 538, Address = 0x752d, GraphicType = 26 Barrel, Screen=107, DoorUnknown1=0x34, X=80, Y=183, Flags=0xa0 (Bottom), DoorTiming=4, DoorUnknown2=0x06, ,,,
Background Item 539, Address = 0x7535, GraphicType = 26 Barrel, Screen=109, DoorUnknown1=0x34, X=80, Y=39, Flags=0x00 (Top), DoorTiming=4, DoorUnknown2=0x56, ,,,
Background Item 540, Address = 0x753d, GraphicType = 26 Barrel, Screen=138, DoorUnknown1=0x34, X=152, Y=111, Flags=0x60 (Right), DoorTiming=183, DoorUnknown2=0x03, ,,,
Background Item 541, Address = 0x7545, GraphicType = 26 Barrel, Screen=008, DoorUnknown1=0x34, X=40, Y=111, Flags=0xe1 (Left), DoorTiming=6, DoorUnknown2=0x03, ,,,
Background Item 542, Address = 0x754d, GraphicType = 36 Acg Exit Door, Screen=000, DoorUnknown1=0xc4, X=152, Y=127, Flags=0x40 (Right), DoorTiming=186, DoorUnknown2=0xd6, ,,,
Background Item 543, Address = 0x7555, GraphicType = 36 Acg Exit Door, Screen=142, DoorUnknown1=0xc4, X=0, Y=127, Flags=0xe0 (Left), DoorTiming=8, DoorUnknown2=0xd6, ,,,
Background Item 544, Address = 0x755d, GraphicType = 38 Skeleton, Screen=083, DoorUnknown1=0x00, X=128, Y=119, Flags=0x61 (Right), DoorTiming=0, DoorUnknown2=0x00, ,,,
Background Item 545, Address = 0x7565, GraphicType = 38 Skeleton, Screen=143, DoorUnknown1=0x00, X=128, Y=119, Flags=0x61 (Right), DoorTiming=0, DoorUnknown2=0x00, ,,,
Background Item 546, Address = 0x756d, GraphicType = 38 Skeleton, Screen=051, DoorUnknown1=0x00, X=24, Y=111, Flags=0xe1 (Left), DoorTiming=0, DoorUnknown2=0x00, ,,,
Background Item 547, Address = 0x7575, GraphicType = 38 Skeleton, Screen=085, DoorUnknown1=0x00, X=80, Y=167, Flags=0x81 (Bottom), DoorTiming=0, DoorUnknown2=0x00, ,,,
